Date, Temperature, Pressure, Humidity, RainProbability, CloudDensity
24.05.2020,11,1022,0.8,0.27,0.47
23.05.2020,11,1021,0.64,0.23,0.33
22.05.2020,9,1024,0.53,0,0
21.05.2020,9,1022,0.54,0,0
20.05.2020,12,1019,0.61,0,0.07
19.05.2020,15,1018,0.63,0,0
18.05.2020,13,1021,0.62,0,0
17.05.2020,10,1020,0.7,0.09,0.04
16.05.2020,9,1020,0.67,0,0
15.05.2020,7,1016,0.82,0,0.07
14.05.2020,8,1013,0.86,0.48,0.52
13.05.2020,7,1014,0.62,0.02,0.05
12.05.2020,5,1013,0.68,0.23,0.22
11.05.2020,17,1000,0.63,0.18,0.11
10.05.2020,17,1009,0.6,0.02,0.04
09.05.2020,13,1015,0.61,0,0
08.05.2020,10,1019,0.65,0,0
07.05.2020,8,1018,0.68,0,0.25
06.05.2020,7,1014,0.84,0.3,0.46
05.05.2020,8,1013,0.71,0.31,0.37
04.05.2020,8,1017,0.71,0,0.02
03.05.2020,7,1013,0.83,0.17,0.38
02.05.2020,10,1006,0.76,0.04,0.15
01.05.2020,11,1005,0.82,0.17,0.17
30.04.2020,13,1008,0.75,0,0.34
29.04.2020,14,1003,0.73,0.17,0.24
28.04.2020,14,1007,0.53,0,0
27.04.2020,9,1011,0.53,0,0
26.04.2020,7,1011,0.59,0,0
25.04.2020,9,1005,0.59,0.09,0.2
24.04.2020,12,1010,0.5,0,0
23.04.2020,10,1021,0.51,0,0
22.04.2020,7,1025,0.52,0,0
21.04.2020,6,1024,0.49,0,0
20.04.2020,6,1023,0.5,0,0
19.04.2020,7,1018,0.42,0,0
18.04.2020,8,1017,0.45,0,0
17.04.2020,8,1015,0.57,0,0
16.04.2020,11,1016,0.45,0,0
15.04.2020,5,1020,0.55,0,0.02
14.04.2020,2,1016,0.6,0.11,0.18
13.04.2020,10,1010,0.63,0.15,0.13
12.04.2020,11,1019,0.46,0,0
11.04.2020,7,1024,0.51,0,0
10.04.2020,8,1024,0.57,0,0.01
09.04.2020,11,1021,0.46,0,0
08.04.2020,10,1028,0.4,0,0
07.04.2020,10,1031,0.4,0,0
06.04.2020,10,1030,0.39,0,0
05.04.2020,5,1031,0.53,0,0
04.04.2020,4,1024,0.57,0,0
03.04.2020,5,1011,0.45,0,0.01
02.04.2020,4,1012,0.43,0,0
01.04.2020,-1,1021,0.66,0,0
31.03.2020,-1,1024,0.76,0.21,0.36
30.03.2020,-1,1022,0.66,0,0.38
29.03.2020,4,1013,0.74,0.07,0.18
28.03.2020,6,1015,0.59,0,0
27.03.2020,7,1022,0.54,0,0
26.03.2020,4,1027,0.49,0,0
25.03.2020,1,1031,0.41,0,0
24.03.2020,-1,1035,0.45,0,0
23.03.2020,-2,1034,0.47,0,0
22.03.2020,-2,1030,0.66,0.13,0.25
21.03.2020,2,1023,0.79,0.43,0.44
20.03.2020,9,1022,0.78,0.15,0.15
19.03.2020,10,1024,0.68,0,0
18.03.2020,9,1027,0.71,0,0
17.03.2020,8,1027,0.54,0,0.03
16.03.2020,5,1023,0.42,0,0
15.03.2020,1,1027,0.49,0,0
14.03.2020,2,1021,0.57,0.04,0.19
13.03.2020,6,1012,0.69,0.07,0.27
12.03.2020,11,1009,0.74,0.16,0.29
11.03.2020,8,1008,0.75,0.41,0.23
10.03.2020,7,1011,0.67,0.07,0.17
09.03.2020,3,1013,0.69,0,0.01
08.03.2020,3,1018,0.78,0.3,0.38
07.03.2020,4,1008,0.85,0.32,0.47
06.03.2020,4,998,0.74,0.15,0.36
05.03.2020,2,1007,0.72,0,0.02
04.03.2020,3,1009,0.75,0,0.32
03.03.2020,6,998,0.81,0.2,0.47
02.03.2020,4,997,0.86,0.27,0.35
01.03.2020,7,1003,0.67,0.15,0.1
29.02.2020,3,1008,0.68,0.02,0.08
28.02.2020,0,1008,0.89,0.11,0.35
27.02.2020,1,1001,0.9,0.36,0.43
26.02.2020,4,994,0.83,0.11,0.24
25.02.2020,7,1001,0.88,0.64,0.59
24.02.2020,3,1013,0.79,0.2,0.57
23.02.2020,7,1010,0.83,0.77,0.72
22.02.2020,4,1022,0.64,0,0.02
21.02.2020,2,1018,0.81,0.33,0.35
20.02.2020,2,1020,0.85,0.15,0.48
19.02.2020,4,1016,0.73,0.23,0.31
18.02.2020,6,1019,0.75,0.26,0.31
17.02.2020,9,1016,0.59,0.13,0.02
16.02.2020,6,1020,0.62,0.02,0
15.02.2020,3,1026,0.75,0,0.35
14.02.2020,4,1013,0.78,0.13,0.6
13.02.2020,2,1014,0.68,0,0.19
12.02.2020,2,1009,0.68,0.17,0.38
11.02.2020,3,998,0.74,0.28,0.42
10.02.2020,6,998,0.66,0.13,0.2
09.02.2020,3,1020,0.65,0,0
08.02.2020,-1,1027,0.71,0,0
07.02.2020,1,1026,0.85,0.38,0.54
06.02.2020,-1,1024,0.93,0.29,0.68
05.02.2020,0,1018,0.75,0.21,0.52
04.02.2020,3,1000,0.93,0.62,0.75
03.02.2020,5,1006,0.96,0.64,0.76
02.02.2020,6,1006,0.82,0.43,0.53
01.02.2020,10,1006,0.77,0.13,0.18
31.01.2020,6,1004,0.86,0.36,0.39
30.01.2020,3,1010,0.82,0.34,0.69
29.01.2020,2,1002,0.77,0.32,0.26
28.01.2020,2,1002,0.88,0.13,0.2
27.01.2020,0,1015,0.87,0.02,0.33
26.01.2020,-2,1019,0.92,0,0.82
25.01.2020,-2,1021,0.88,0,0.08
24.01.2020,-1,1023,0.81,0,0.1
23.01.2020,0,1031,0.86,0,0.5
22.01.2020,-1,1028,0.91,0.23,0.43
21.01.2020,0,1039,0.8,0,0.27
20.01.2020,1,1043,0.86,0,0.83
19.01.2020,2,1030,0.95,0.47,0.65
18.01.2020,2,1023,0.87,0.36,0.64
17.01.2020,0,1025,0.9,0,0.02
16.01.2020,1,1029,0.87,0,0.15
15.01.2020,1,1022,0.75,0,0
14.01.2020,1,1020,0.85,0,0.17
13.01.2020,3,1022,0.8,0,0.49
12.01.2020,3,1025,0.79,0,0.35
11.01.2020,3,1027,0.92,0.45,0.73
10.01.2020,4,1017,0.71,0,0.46
09.01.2020,4,1021,0.91,0.57,0.76
08.01.2020,2,1027,0.86,0.32,0.38
07.01.2020,-0,1025,0.77,0,0.39
06.01.2020,-2,1029,0.85,0,0.4
05.01.2020,-1,1027,0.83,0.02,0.54
04.01.2020,2,1016,0.86,0.32,0.72
03.01.2020,1,1021,0.68,0,0.14
02.01.2020,-1,1028,0.74,0,0
01.01.2020,1,1031,0.82,0,0.29
31.12.2019,3,1023,0.69,0,0.38
30.12.2019,0,1032,0.69,0.04,0
29.12.2019,-2,1037,0.78,0,0.84
28.12.2019,-1,1032,0.82,0.17,0.85
27.12.2019,1,1022,0.94,0.36,0.75
26.12.2019,2,1019,0.94,0.53,0.77
25.12.2019,2,1010,0.96,0.62,0.68
24.12.2019,5,1009,0.9,0.31,0.73
23.12.2019,5,997,0.96,0.85,0.92
22.12.2019,6,989,0.95,0.45,0.87
21.12.2019,9,995,0.77,0.22,0.28
20.12.2019,12,1005,0.61,0,0.02
19.12.2019,5,1021,0.89,0,0
18.12.2019,9,1017,0.82,0,0
17.12.2019,6,1011,0.86,0,0
16.12.2019,6,1014,0.81,0,0
15.12.2019,6,1006,0.73,0.22,0.29
14.12.2019,4,994,0.76,0.17,0.36
13.12.2019,2,991,0.85,0.26,0.44
12.12.2019,-1,1006,0.82,0,0.11
11.12.2019,-3,1017,0.86,0,0.02
10.12.2019,2,1017,0.83,0.11,0.64
09.12.2019,5,1004,0.82,0.17,0.14
08.12.2019,6,1009,0.74,0.02,0.23
07.12.2019,2,1010,0.83,0.11,0.46
06.12.2019,-2,1016,0.81,0,0.07
05.12.2019,-1,1023,0.72,0,0.05
04.12.2019,-1,1025,0.74,0,0.27
03.12.2019,-1,1024,0.91,0.2,0.43
02.12.2019,0,1017,0.78,0.04,0.57
01.12.2019,-1,1022,0.81,0,0.36
30.11.2019,-0,1017,0.78,0.04,0.44
29.11.2019,6,1001,0.81,0.35,0.56
28.11.2019,7,999,0.82,0,0.05
27.11.2019,7,1003,0.81,0.04,0.52
26.11.2019,4,1011,0.89,0,0.48
25.11.2019,4,1013,0.91,0.11,0.05
24.11.2019,4,1013,0.85,0,0
23.11.2019,3,1014,0.92,0,0.41
22.11.2019,5,1015,0.89,0,0.14
21.11.2019,8,1013,0.93,0.24,0.26
20.11.2019,5,1017,0.89,0,0.24
19.11.2019,7,1019,0.77,0,0
18.11.2019,9,1011,0.81,0.07,0.14
17.11.2019,10,1014,0.79,0,0
16.11.2019,11,1012,0.71,0.02,0
15.11.2019,8,1011,0.95,0,0.59
14.11.2019,3,1011,0.92,0.05,0.81
13.11.2019,8,1002,0.95,0.36,0.25
12.11.2019,7,1008,0.86,0.28,0.1
11.11.2019,5,1014,0.88,0,0.53
10.11.2019,5,1012,0.95,0.35,0.64
09.11.2019,7,1008,0.93,0.13,0.4
08.11.2019,6,1009,0.86,0,0.17
07.11.2019,7,1007,0.78,0.04,0.14
06.11.2019,8,1002,0.79,0,0.09
05.11.2019,9,998,0.85,0.3,0.25
04.11.2019,12,993,0.77,0.15,0.4
03.11.2019,12,996,0.77,0,0.11
02.11.2019,7,1003,0.74,0.13,0.27
01.11.2019,1,1019,0.78,0,0
31.10.2019,-1,1027,0.86,0,0.04
30.10.2019,1,1028,0.9,0,0.27
29.10.2019,3,1021,0.93,0.04,0.56
28.10.2019,6,1019,0.84,0.21,0.44
27.10.2019,15,1016,0.68,0,0.05
26.10.2019,12,1021,0.79,0,0
25.10.2019,10,1019,0.84,0,0
24.10.2019,14,1014,0.72,0,0
23.10.2019,12,1021,0.92,0,0.15
22.10.2019,12,1023,0.87,0,0
21.10.2019,14,1018,0.79,0,0
20.10.2019,14,1015,0.74,0,0
19.10.2019,12,1014,0.82,0,0.02
18.10.2019,12,1015,0.77,0,0.04
17.10.2019,12,1017,0.74,0,0
16.10.2019,14,1012,0.72,0,0.19
15.10.2019,15,1013,0.74,0,0
14.10.2019,15,1018,0.78,0,0
13.10.2019,16,1019,0.69,0,0
12.10.2019,14,1016,0.69,0,0
11.10.2019,10,1019,0.76,0,0.06
10.10.2019,10,1012,0.83,0.15,0.48
09.10.2019,11,1010,0.89,0.47,0.44
08.10.2019,5,1015,0.76,0.13,0.19
07.10.2019,2,1019,0.74,0,0
06.10.2019,5,1018,0.79,0.02,0.42
05.10.2019,8,1008,0.87,0.55,0.56
04.10.2019,8,1012,0.8,0,0.36
03.10.2019,8,1012,0.85,0.11,0.66
02.10.2019,14,1003,0.83,0.33,0.15
01.10.2019,14,1008,0.68,0.06,0.12
30.09.2019,15,1002,0.7,0.32,0.28
29.09.2019,15,1010,0.72,0,0.06
28.09.2019,15,1014,0.83,0.13,0.35
27.09.2019,14,1014,0.81,0.02,0.24
26.09.2019,14,1012,0.86,0.09,0.46
25.09.2019,13,1009,0.89,0.36,0.22
24.09.2019,12,1015,0.85,0,0.42
23.09.2019,12,1015,0.77,0,0
22.09.2019,12,1018,0.69,0,0
21.09.2019,11,1025,0.7,0,0.04
20.09.2019,8,1026,0.8,0,0.12
19.09.2019,7,1024,0.83,0.15,0.22
18.09.2019,9,1018,0.7,0.04,0.45
17.09.2019,12,1013,0.79,0.17,0.49
16.09.2019,14,1017,0.76,0.26,0.36
15.09.2019,13,1024,0.7,0,0
14.09.2019,12,1031,0.77,0,0.11
13.09.2019,16,1028,0.78,0.02,0.1
12.09.2019,15,1027,0.77,0,0.01
11.09.2019,14,1024,0.76,0,0.03
10.09.2019,14,1017,0.72,0,0.32
09.09.2019,15,1012,0.94,0.65,0.5
08.09.2019,14,1017,0.93,0.36,0.64
07.09.2019,15,1018,0.77,0.17,0.13
06.09.2019,15,1022,0.66,0,0.06
05.09.2019,18,1015,0.65,0,0
04.09.2019,17,1020,0.61,0,0
03.09.2019,14,1023,0.8,0.21,0.21
02.09.2019,17,1017,0.9,0.57,0.48
01.09.2019,24,1013,0.58,0,0
31.08.2019,22,1020,0.69,0,0
30.08.2019,22,1022,0.72,0.02,0.01
29.08.2019,24,1018,0.61,0.05,0
28.08.2019,24,1019,0.65,0,0
27.08.2019,22,1021,0.72,0.09,0.04
26.08.2019,22,1022,0.69,0,0.01
25.08.2019,21,1023,0.66,0,0
24.08.2019,20,1025,0.66,0,0
23.08.2019,19,1027,0.7,0,0.05
22.08.2019,16,1028,0.76,0,0.32
21.08.2019,17,1024,0.89,0.3,0.52
20.08.2019,20,1021,0.81,0.13,0.28
19.08.2019,23,1016,0.63,0.02,0.05
18.08.2019,22,1012,0.6,0,0.01
17.08.2019,17,1016,0.71,0,0.06
16.08.2019,16,1016,0.76,0.17,0.09
15.08.2019,16,1016,0.65,0,0
14.08.2019,15,1016,0.77,0.34,0.09
13.08.2019,19,1016,0.76,0.26,0.37
12.08.2019,22,1014,0.68,0.11,0.2
11.08.2019,21,1018,0.67,0.06,0.08
10.08.2019,22,1014,0.67,0.19,0.11
09.08.2019,21,1014,0.58,0,0
08.08.2019,21,1011,0.68,0.2,0.31
07.08.2019,21,1009,0.77,0.21,0.18
06.08.2019,22,1012,0.62,0.09,0.03
05.08.2019,19,1014,0.62,0.04,0.03
04.08.2019,17,1014,0.61,0.06,0.04
03.08.2019,17,1012,0.62,0.02,0.08
02.08.2019,19,1014,0.66,0,0.04
01.08.2019,20,1015,0.7,0,0.27
31.07.2019,21,1013,0.84,0.06,0.66
30.07.2019,23,1009,0.74,0.13,0.08
29.07.2019,25,1006,0.62,0.04,0.03
28.07.2019,23,1004,0.62,0,0
27.07.2019,20,1007,0.67,0.19,0.06
26.07.2019,22,1012,0.57,0,0.01
25.07.2019,22,1019,0.62,0,0
24.07.2019,21,1019,0.73,0,0.4
23.07.2019,18,1021,0.83,0.26,0.61
22.07.2019,20,1022,0.66,0,0.02
21.07.2019,21,1018,0.72,0.15,0.06
20.07.2019,22,1016,0.62,0,0.01
19.07.2019,19,1015,0.6,0.07,0.05
18.07.2019,17,1013,0.56,0,0
17.07.2019,16,1012,0.6,0,0.05
16.07.2019,14,1013,0.67,0,0.23
15.07.2019,16,1014,0.57,0,0
14.07.2019,16,1012,0.74,0.02,0.26
13.07.2019,16,1010,0.79,0.4,0.34
12.07.2019,16,1011,0.61,0,0.01
11.07.2019,14,1012,0.69,0.04,0.19
10.07.2019,14,1014,0.63,0.06,0.15
09.07.2019,14,1014,0.56,0.02,0.08
08.07.2019,13,1013,0.55,0,0.04
07.07.2019,17,1008,0.65,0.02,0.18
06.07.2019,21,1010,0.48,0,0.01
05.07.2019,16,1015,0.55,0,0
04.07.2019,15,1021,0.51,0,0
03.07.2019,16,1020,0.51,0,0
02.07.2019,21,1016,0.62,0.09,0.15
01.07.2019,27,1013,0.45,0.11,0.05
30.06.2019,25,1017,0.47,0,0
29.06.2019,20,1021,0.53,0,0
28.06.2019,16,1021,0.7,0,0.18
27.06.2019,24,1018,0.47,0,0.03
26.06.2019,28,1022,0.56,0,0
25.06.2019,24,1025,0.65,0,0.02
24.06.2019,21,1024,0.55,0,0.02
23.06.2019,20,1020,0.54,0,0
22.06.2019,20,1020,0.71,0,0.09
21.06.2019,20,1015,0.75,0.11,0.1
20.06.2019,23,1011,0.67,0,0.06
19.06.2019,22,1013,0.67,0,0.04
18.06.2019,20,1019,0.65,0,0.05
17.06.2019,19,1021,0.58,0,0.01
16.06.2019,21,1016,0.74,0.06,0.13
15.06.2019,26,1014,0.61,0,0
14.06.2019,23,1018,0.76,0.07,0.22
13.06.2019,25,1013,0.59,0.09,0.03
12.06.2019,25,1013,0.55,0,0
11.06.2019,25,1013,0.6,0.04,0.03
10.06.2019,25,1017,0.57,0,0
09.06.2019,19,1025,0.56,0,0
08.06.2019,20,1019,0.69,0,0.06
07.06.2019,20,1015,0.77,0.02,0.15
06.06.2019,20,1011,0.66,0.19,0.13
05.06.2019,21,1012,0.67,0,0.09
04.06.2019,21,1014,0.61,0,0
03.06.2019,20,1018,0.63,0,0.01
02.06.2019,19,1019,0.67,0.04,0.04
01.06.2019,18,1022,0.7,0.02,0.08
31.05.2019,15,1024,0.63,0.02,0
30.05.2019,11,1023,0.65,0.09,0.04
29.05.2019,12,1014,0.82,0.36,0.71
28.05.2019,16,1005,0.86,0.32,0.29
27.05.2019,19,1010,0.67,0.06,0.07
26.05.2019,16,1014,0.7,0,0.09
25.05.2019,14,1013,0.72,0.04,0.04
24.05.2019,13,1014,0.82,0.23,0.48
23.05.2019,11,1012,0.97,0.91,0.91
22.05.2019,14,1005,0.89,0.28,0.7
21.05.2019,14,1004,0.79,0.13,0.13
20.05.2019,16,1004,0.73,0,0.1
19.05.2019,16,1007,0.8,0.06,0.11
18.05.2019,15,1010,0.75,0.17,0.13
17.05.2019,13,1012,0.86,0.34,0.57
16.05.2019,10,1014,0.89,0.15,0.74
15.05.2019,7,1017,0.97,0.87,0.98
14.05.2019,5,1025,0.86,0.6,0.56
13.05.2019,7,1030,0.77,0.36,0.47
12.05.2019,9,1019,0.87,0.49,0.54
11.05.2019,13,1012,0.65,0.04,0.03
10.05.2019,10,1007,0.86,0.21,0.35
09.05.2019,9,1005,0.84,0.66,0.35
08.05.2019,9,1014,0.6,0,0.01
07.05.2019,7,1016,0.64,0.04,0.09
06.05.2019,8,1013,0.52,0,0.05
05.05.2019,5,1010,0.76,0.4,0.49
04.05.2019,9,1006,0.67,0.13,0.08
03.05.2019,9,1006,0.72,0.13,0.27
02.05.2019,13,1005,0.67,0,0.08
01.05.2019,11,1009,0.64,0.09,0.07
30.04.2019,13,1011,0.76,0.11,0.48
29.04.2019,9,1012,0.98,0.96,0.84
28.04.2019,9,1013,0.92,0.77,0.62
27.04.2019,12,1011,0.78,0.17,0.56
26.04.2019,20,1010,0.46,0,0
25.04.2019,18,1014,0.55,0,0.01
24.04.2019,15,1014,0.53,0.02,0.01
23.04.2019,12,1016,0.51,0,0
22.04.2019,10,1017,0.61,0,0.15
21.04.2019,9,1022,0.54,0,0
20.04.2019,11,1028,0.44,0,0
19.04.2019,11,1031,0.48,0,0
18.04.2019,10,1029,0.56,0,0
17.04.2019,10,1025,0.59,0,0.07
16.04.2019,6,1023,0.48,0,0.02
15.04.2019,6,1024,0.46,0,0
14.04.2019,8,1020,0.56,0,0
13.04.2019,2,1020,0.93,0.51,0.67
12.04.2019,3,1020,0.64,0.13,0.26
11.04.2019,4,1018,0.58,0.06,0.72
10.04.2019,6,1013,0.58,0,0.56
09.04.2019,8,1009,0.67,0,0
08.04.2019,9,1008,0.69,0,0.02
07.04.2019,9,1007,0.82,0,0.41
06.04.2019,9,1008,0.72,0.32,0.17
05.04.2019,14,1007,0.49,0.06,0.07
04.04.2019,13,1006,0.46,0,0
03.04.2019,11,1010,0.44,0,0
02.04.2019,7,1019,0.39,0,0
01.04.2019,5,1025,0.55,0,0.03
31.03.2019,9,1019,0.62,0,0
30.03.2019,7,1024,0.66,0,0
29.03.2019,4,1031,0.77,0,0.13
28.03.2019,5,1029,0.85,0.13,0.46
27.03.2019,2,1027,0.66,0.02,0.13
26.03.2019,4,1019,0.75,0.19,0.67
25.03.2019,5,1012,0.71,0.2,0.59
24.03.2019,8,1022,0.66,0.02,0.2
23.03.2019,8,1027,0.75,0,0
22.03.2019,8,1032,0.86,0,0.81
21.03.2019,4,1033,0.72,0,0.44
20.03.2019,1,1032,0.7,0,0.02
19.03.2019,2,1023,0.68,0,0.15
18.03.2019,5,1013,0.73,0.21,0.32
17.03.2019,12,1004,0.55,0.04,0.12
16.03.2019,6,1004,0.67,0.36,0.54
15.03.2019,6,1000,0.76,0.47,0.57
14.03.2019,5,1004,0.69,0.19,0.29
13.03.2019,4,1009,0.61,0.06,0.15
12.03.2019,1,1017,0.75,0.04,0.42
11.03.2019,3,1008,0.78,0.34,0.53
10.03.2019,5,1004,0.75,0.32,0.48
09.03.2019,6,1011,0.69,0.15,0.16
08.03.2019,10,1010,0.55,0.02,0.08
07.03.2019,9,1004,0.55,0.02,0.01
06.03.2019,5,1013,0.66,0,0.21
05.03.2019,6,1003,0.66,0.17,0.29
04.03.2019,11,1000,0.57,0.17,0.15
03.03.2019,6,1011,0.73,0.06,0.74
02.03.2019,-1,1015,0.8,0,0.34
01.03.2019,3,1009,0.8,0,0.35
28.02.2019,7,1008,0.6,0,0.05
27.02.2019,2,1025,0.78,0,0
26.02.2019,5,1027,0.74,0,0.17
25.02.2019,3,1032,0.64,0,0.02
24.02.2019,-1,1037,0.57,0,0.53
23.02.2019,-5,1042,0.61,0,0
22.02.2019,-1,1029,0.67,0.3,0.25
21.02.2019,5,1022,0.79,0.45,0.42
20.02.2019,4,1019,0.76,0.04,0.27
19.02.2019,6,1016,0.65,0.09,0.05
18.02.2019,4,1021,0.68,0,0
17.02.2019,5,1025,0.65,0,0
16.02.2019,4,1028,0.66,0,0
15.02.2019,4,1032,0.86,0.11,0.24
14.02.2019,5,1033,0.93,0.26,0.8
13.02.2019,1,1029,0.91,0.17,0.62
12.02.2019,0,1020,0.76,0.26,0.76
11.02.2019,3,1003,0.86,0.36,0.48
10.02.2019,5,1008,0.7,0,0.01
09.02.2019,2,1013,0.76,0,0.01
08.02.2019,2,1018,0.77,0,0.03
07.02.2019,-1,1018,0.7,0,0
06.02.2019,-1,1027,0.84,0,0.51
05.02.2019,-3,1027,0.9,0,0.48
04.02.2019,-1,1025,0.95,0,0.7
03.02.2019,2,1006,0.97,0.51,0.72
02.02.2019,7,998,0.73,0,0.1
01.02.2019,-0,1001,0.76,0,0.13
31.01.2019,-3,1002,0.85,0,0.3
30.01.2019,-2,1002,0.86,0,0.24
29.01.2019,-1,1002,0.86,0.06,0.47
28.01.2019,0,994,0.89,0.13,0.47
27.01.2019,1,997,0.82,0,0.37
26.01.2019,-4,1005,0.86,0,0.68
25.01.2019,-7,1011,0.84,0,0.71
24.01.2019,-7,1009,0.8,0,0.83
23.01.2019,-6,1005,0.85,0.06,0.96
22.01.2019,-8,1013,0.9,0,0.17
21.01.2019,-8,1021,0.92,0,0.87
20.01.2019,-7,1017,0.81,0,0
19.01.2019,-5,1020,0.83,0,0
18.01.2019,0,1011,0.78,0.21,0.49
17.01.2019,4,1003,0.68,0,0.09
16.01.2019,2,1007,0.92,0.51,0.73
15.01.2019,-1,1005,0.88,0.13,0.72
14.01.2019,-0,993,0.85,0.62,0.64
13.01.2019,1,997,0.92,0.81,0.69
12.01.2019,0,1009,0.94,0.34,0.79
11.01.2019,-5,1016,0.88,0,0.79
10.01.2019,-3,1014,0.91,0.09,0.75
09.01.2019,0,1000,0.95,0.3,0.66
08.01.2019,-1,1006,0.89,0.32,0.73
07.01.2019,-9,1027,0.79,0,0.07
06.01.2019,-3,1020,0.81,0.21,0.73
05.01.2019,0,1012,0.94,0.15,0.79
04.01.2019,-4,1024,0.87,0,0.69
03.01.2019,-4,1022,0.82,0.28,0.65
02.01.2019,-0,1012,0.88,0.43,0.73
01.01.2019,2,1017,0.9,0.47,0.62
31.12.2018,1,1026,0.91,0.38,0.69
30.12.2018,3,1018,0.92,0.64,0.66
29.12.2018,3,1024,0.94,0.7,0.75
28.12.2018,4,1020,0.95,0.43,0.84
27.12.2018,4,1022,0.95,0.34,0.87
26.12.2018,2,1023,0.92,0.83,0.65
25.12.2018,-0,1023,0.92,0.36,0.88
24.12.2018,0,1015,0.89,0.36,0.71
23.12.2018,3,1015,0.92,0.64,0.7
22.12.2018,5,1006,0.86,0.26,0.61
21.12.2018,2,1014,0.83,0.28,0.33
20.12.2018,-3,1018,0.84,0,0.28
19.12.2018,-4,1024,0.92,0,0.34
18.12.2018,-0,1027,0.9,0.02,0.94
17.12.2018,-3,1020,0.85,0,0.71
16.12.2018,-3,1017,0.85,0,0.62
15.12.2018,-2,1023,0.85,0,0.66
14.12.2018,-2,1023,0.9,0,0.69
13.12.2018,-1,1021,0.96,0,0.87
12.12.2018,-0,1018,0.95,0,0.77
11.12.2018,0,1009,0.97,0.38,0.83
10.12.2018,2,1005,0.89,0.43,0.72
09.12.2018,5,997,0.86,0.64,0.48
08.12.2018,5,1005,0.77,0.23,0.35
07.12.2018,4,1011,0.9,0.28,0.72
06.12.2018,-1,1022,0.79,0.06,0.18
05.12.2018,-1,1026,0.93,0,0.18
04.12.2018,5,1011,0.92,0.45,0.54
03.12.2018,5,1006,0.91,0.45,0.76
02.12.2018,0,1012,0.87,0.23,0.52
01.12.2018,-5,1017,0.81,0.13,0.42
30.11.2018,-5,1023,0.73,0,0.24
29.11.2018,-6,1031,0.77,0,0
28.11.2018,-4,1028,0.86,0,0.39
27.11.2018,-2,1017,0.78,0,0.48
26.11.2018,2,1009,0.88,0.02,0.88
25.11.2018,5,1012,0.91,0,0.7
24.11.2018,3,1015,0.91,0.23,0.8
23.11.2018,2,1024,0.87,0,0.52
22.11.2018,-1,1023,0.93,0.34,0.93
21.11.2018,-1,1020,0.9,0.43,0.96
20.11.2018,-1,1018,0.85,0.06,0.9
19.11.2018,-0,1020,0.82,0,0.83
18.11.2018,-2,1027,0.68,0,0.13
17.11.2018,-1,1036,0.7,0,0.01
16.11.2018,3,1035,0.84,0.02,0.77
15.11.2018,6,1031,0.86,0.02,0.56
14.11.2018,7,1028,0.88,0.04,0.69
13.11.2018,11,1023,0.79,0.13,0.17
12.11.2018,8,1022,0.82,0,0.01
11.11.2018,9,1016,0.78,0,0.14
10.11.2018,7,1015,0.86,0,0
09.11.2018,6,1019,0.93,0,0.01
08.11.2018,7,1020,0.87,0,0.01
07.11.2018,10,1017,0.7,0,0
06.11.2018,10,1018,0.72,0,0
05.11.2018,10,1019,0.92,0,0.39
04.11.2018,10,1023,0.95,0.23,1
03.11.2018,10,1026,0.95,0.4,0.57
02.11.2018,14,1021,0.69,0.04,0.1
01.11.2018,13,1019,0.59,0,0
31.10.2018,11,1020,0.64,0,0
30.10.2018,17,1006,0.55,0.04,0.03
29.10.2018,11,1007,0.9,0.11,0.46
28.10.2018,5,1010,0.94,0.73,0.7
27.10.2018,9,1006,0.86,0.45,0.39
26.10.2018,9,1009,0.76,0,0.49
25.10.2018,6,1009,0.89,0.4,0.48
24.10.2018,7,1005,0.68,0.26,0.35
23.10.2018,6,1016,0.86,0.39,0.52
22.10.2018,5,1025,0.83,0.13,0.12
21.10.2018,6,1027,0.87,0.13,0.53
20.10.2018,9,1025,0.91,0.13,0.72
19.10.2018,8,1022,0.96,0,0.84
18.10.2018,13,1020,0.83,0,0
17.10.2018,12,1022,0.73,0.02,0.03
16.10.2018,11,1021,0.66,0,0
15.10.2018,12,1022,0.69,0,0
14.10.2018,12,1024,0.72,0,0
13.10.2018,12,1028,0.75,0,0
12.10.2018,13,1027,0.74,0,0
11.10.2018,13,1025,0.75,0,0
10.10.2018,12,1026,0.75,0,0
09.10.2018,9,1025,0.84,0,0.13
08.10.2018,9,1023,0.81,0,0.34
07.10.2018,15,1014,0.7,0,0.05
06.10.2018,13,1017,0.66,0,0
05.10.2018,9,1026,0.73,0,0
04.10.2018,8,1026,0.78,0,0.37
03.10.2018,8,1015,0.78,0.36,0.47
02.10.2018,8,1015,0.77,0.28,0.43
01.10.2018,9,1012,0.71,0,0.08
30.09.2018,6,1022,0.66,0,0
29.09.2018,8,1026,0.69,0.02,0.09
28.09.2018,15,1019,0.61,0.04,0.09
27.09.2018,13,1027,0.62,0,0.57
26.09.2018,7,1035,0.66,0.02,0
25.09.2018,6,1031,0.79,0.06,0.5
24.09.2018,9,1016,0.8,0.45,0.55
23.09.2018,13,1013,0.67,0.13,0.24
22.09.2018,14,1018,0.68,0.09,0.17
21.09.2018,20,1015,0.61,0,0
20.09.2018,19,1020,0.65,0,0
19.09.2018,19,1020,0.57,0,0
18.09.2018,19,1020,0.67,0,0
17.09.2018,15,1023,0.74,0,0.02
16.09.2018,12,1025,0.75,0,0.03
15.09.2018,16,1020,0.82,0.34,0.43
14.09.2018,16,1018,0.88,0.26,0.38
13.09.2018,19,1018,0.66,0,0
12.09.2018,20,1021,0.58,0,0
11.09.2018,16,1022,0.72,0.11,0.01
10.09.2018,15,1022,0.67,0,0
09.09.2018,14,1023,0.73,0,0.01
08.09.2018,15,1018,0.87,0.11,0.17
07.09.2018,16,1012,0.76,0,0.05
06.09.2018,15,1014,0.76,0,0.08
05.09.2018,17,1016,0.73,0,0.05
04.09.2018,18,1013,0.79,0.13,0.23
03.09.2018,20,1018,0.63,0.02,0.01
02.09.2018,20,1022,0.67,0.04,0.04
01.09.2018,19,1021,0.73,0.11,0.1
31.08.2018,17,1020,0.76,0.04,0.2
30.08.2018,19,1016,0.7,0.13,0.08
29.08.2018,15,1019,0.69,0,0.02
28.08.2018,16,1019,0.7,0,0.03
27.08.2018,12,1017,0.72,0,0.02
26.08.2018,13,1015,0.85,0.38,0.31
25.08.2018,17,1010,0.87,0.26,0.38
24.08.2018,23,1010,0.64,0.13,0.05
23.08.2018,24,1015,0.52,0,0.03
22.08.2018,19,1021,0.63,0,0
21.08.2018,20,1020,0.68,0,0.08
20.08.2018,24,1016,0.58,0,0.01
19.08.2018,22,1020,0.65,0,0.02
18.08.2018,21,1019,0.68,0,0.05
17.08.2018,21,1017,0.66,0,0.01
16.08.2018,19,1019,0.7,0,0.07
15.08.2018,18,1017,0.78,0.02,0.11
14.08.2018,21,1011,0.67,0.02,0.07
13.08.2018,23,1012,0.54,0,0
12.08.2018,18,1020,0.64,0,0.01
11.08.2018,18,1021,0.79,0.32,0.4
10.08.2018,23,1020,0.63,0.02,0.04
09.08.2018,26,1017,0.59,0,0.03
08.08.2018,22,1016,0.65,0.04,0.03
07.08.2018,21,1018,0.6,0,0
06.08.2018,20,1019,0.64,0,0.06
05.08.2018,22,1016,0.71,0.04,0.05
04.08.2018,23,1018,0.68,0.04,0.03
03.08.2018,23,1021,0.66,0,0
02.08.2018,24,1020,0.7,0,0.03
01.08.2018,23,1019,0.74,0.04,0.05
31.07.2018,23,1018,0.71,0,0.06
30.07.2018,21,1017,0.8,0,0.11
29.07.2018,21,1014,0.84,0.26,0.08
28.07.2018,22,1011,0.72,0,0
27.07.2018,19,1015,0.89,0.11,0.12
26.07.2018,20,1015,0.8,0.15,0.09
25.07.2018,20,1013,0.69,0,0.08
24.07.2018,21,1013,0.62,0,0
23.07.2018,21,1012,0.61,0,0.04
22.07.2018,21,1010,0.56,0,0
21.07.2018,19,1012,0.63,0,0
20.07.2018,20,1013,0.77,0.26,0.45
19.07.2018,18,1012,0.94,0.49,0.89
18.07.2018,18,1007,0.94,0.68,0.77
17.07.2018,17,1007,0.94,0.62,0.6
16.07.2018,19,1012,0.71,0.04,0.05
15.07.2018,19,1015,0.67,0,0.05
14.07.2018,18,1015,0.8,0.17,0.35
13.07.2018,18,1014,0.76,0.06,0.47
12.07.2018,17,1014,0.76,0.26,0.32
11.07.2018,17,1014,0.91,0.3,0.32
10.07.2018,18,1014,0.72,0.15,0.07
09.07.2018,20,1016,0.59,0,0.01
08.07.2018,19,1017,0.53,0,0.03
07.07.2018,19,1017,0.54,0,0.02
06.07.2018,22,1012,0.6,0.04,0.07
05.07.2018,22,1012,0.49,0,0
04.07.2018,19,1015,0.5,0,0
03.07.2018,17,1016,0.5,0,0
02.07.2018,13,1016,0.63,0,0.02
01.07.2018,12,1017,0.64,0,0.13
30.06.2018,14,1014,0.64,0,0.31
29.06.2018,21,1010,0.63,0,0.02
28.06.2018,17,1015,0.87,0.44,0.44
27.06.2018,15,1021,0.82,0.06,0.11
26.06.2018,13,1020,0.86,0.28,0.25
25.06.2018,14,1019,0.76,0.04,0.39
24.06.2018,12,1016,0.84,0.36,0.54
23.06.2018,11,1017,0.74,0.09,0.35
22.06.2018,13,1017,0.62,0,0.05
21.06.2018,22,1013,0.62,0.09,0.07
20.06.2018,21,1022,0.61,0,0.01
19.06.2018,21,1021,0.57,0,0
18.06.2018,19,1017,0.74,0.09,0.08
17.06.2018,20,1015,0.62,0,0
16.06.2018,19,1016,0.64,0,0
15.06.2018,17,1015,0.71,0,0.05
14.06.2018,17,1013,0.7,0,0.18
13.06.2018,15,1009,0.84,0.15,0.13
12.06.2018,17,1008,0.83,0.17,0.34
11.06.2018,20,1010,0.76,0.09,0.24
10.06.2018,22,1011,0.63,0.04,0.02
09.06.2018,22,1013,0.68,0,0.03
08.06.2018,19,1015,0.67,0.11,0.05
07.06.2018,17,1019,0.49,0,0
06.06.2018,16,1018,0.49,0,0.01
05.06.2018,19,1009,0.71,0.02,0.09
04.06.2018,19,1012,0.73,0.02,0.07
03.06.2018,18,1016,0.9,0.21,0.6
02.06.2018,20,1015,0.77,0.15,0.14
01.06.2018,22,1016,0.6,0,0.03
31.05.2018,20,1017,0.69,0.14,0
30.05.2018,20,1018,0.7,0.13,0.04
29.05.2018,19,1020,0.59,0.09,0.06
28.05.2018,22,1022,0.51,0,0
27.05.2018,20,1022,0.64,0,0
26.05.2018,18,1022,0.67,0,0.02
25.05.2018,17,1020,0.64,0,0.05
24.05.2018,18,1022,0.6,0,0.03
23.05.2018,18,1020,0.71,0.15,0.11
22.05.2018,16,1016,0.6,0,0
21.05.2018,14,1021,0.58,0,0
20.05.2018,13,1023,0.64,0,0.05
19.05.2018,14,1019,0.71,0,0.26
18.05.2018,13,1013,0.9,0.19,0.76
17.05.2018,13,1007,0.95,0.91,0.74
16.05.2018,11,1010,0.92,0.3,0.38
15.05.2018,11,1012,0.8,0.13,0.1
14.05.2018,14,1014,0.57,0,0.03
13.05.2018,17,1014,0.48,0,0
12.05.2018,17,1017,0.73,0.02,0.05
11.05.2018,18,1017,0.73,0.38,0.14
10.05.2018,19,1011,0.61,0,0
09.05.2018,18,1010,0.73,0.23,0.09
08.05.2018,15,1015,0.67,0.15,0.09
07.05.2018,14,1021,0.57,0,0
06.05.2018,12,1024,0.59,0,0
05.05.2018,13,1023,0.57,0,0.01
04.05.2018,16,1018,0.75,0,0.11
03.05.2018,20,1010,0.6,0.22,0.14
02.05.2018,16,1014,0.68,0,0.01
01.05.2018,18,1009,0.61,0,0
30.04.2018,20,1006,0.56,0,0.01
29.04.2018,19,1011,0.62,0.18,0.07
28.04.2018,16,1014,0.56,0,0
27.04.2018,9,1017,0.62,0,0.02
26.04.2018,11,1013,0.7,0.06,0.17
25.04.2018,17,1010,0.55,0.02,0.02
24.04.2018,15,1014,0.66,0,0.12
23.04.2018,14,1013,0.62,0.15,0.04
22.04.2018,13,1017,0.5,0,0
21.04.2018,17,1018,0.49,0,0
20.04.2018,14,1026,0.53,0,0
19.04.2018,14,1029,0.64,0,0
18.04.2018,11,1031,0.66,0,0.02
17.04.2018,13,1022,0.75,0.04,0.43
16.04.2018,17,1013,0.65,0.34,0.06
15.04.2018,15,1018,0.55,0,0
14.04.2018,14,1020,0.57,0,0
13.04.2018,15,1011,0.69,0.06,0.04
12.04.2018,16,1010,0.54,0,0
11.04.2018,14,1010,0.57,0,0
10.04.2018,14,1009,0.56,0,0
09.04.2018,18,1009,0.43,0,0
08.04.2018,14,1016,0.56,0,0
07.04.2018,8,1023,0.54,0,0
06.04.2018,7,1021,0.57,0,0.13
05.04.2018,13,1008,0.57,0,0.01
04.04.2018,13,1008,0.53,0,0
03.04.2018,10,1010,0.54,0,0
02.04.2018,3,1008,0.66,0.06,0.46
01.04.2018,3,996,0.87,0.4,0.92
31.03.2018,10,999,0.74,0.15,0.37
30.03.2018,6,1009,0.62,0.11,0.19
29.03.2018,5,1004,0.78,0.45,0.53
28.03.2018,2,1009,0.78,0.15,0.49
27.03.2018,2,1012,0.84,0.32,0.63
26.03.2018,2,1011,0.67,0,0.31
25.03.2018,2,1010,0.68,0,0.02
24.03.2018,2,1006,0.68,0,0.18
23.03.2018,0,1006,0.77,0.09,0.61
22.03.2018,-1,1016,0.6,0,0
21.03.2018,-3,1021,0.62,0.07,0.5
20.03.2018,-4,1010,0.62,0,0.57
19.03.2018,-7,1011,0.75,0,0.67
18.03.2018,-8,1013,0.58,0,0.15
17.03.2018,-6,1010,0.81,0.02,0.7
16.03.2018,0,1003,0.94,0.36,0.81
15.03.2018,3,1009,0.83,0.04,0.46
14.03.2018,4,1008,0.84,0.13,0.7
13.03.2018,9,1001,0.73,0.13,0.34
12.03.2018,11,996,0.66,0.17,0.37
11.03.2018,9,1005,0.64,0,0
10.03.2018,5,1009,0.73,0,0.07
09.03.2018,3,1008,0.7,0.06,0.11
08.03.2018,4,1004,0.74,0,0.12
07.03.2018,3,995,0.83,0,0.67
06.03.2018,2,995,0.74,0.3,0.36
05.03.2018,-3,1003,0.66,0,0.02
04.03.2018,-8,1007,0.62,0,0
03.03.2018,-12,1003,0.68,0,0
02.03.2018,-11,1005,0.68,0,0
01.03.2018,-12,1017,0.73,0,0.18
28.02.2018,-12,1021,0.68,0,0.65
27.02.2018,-13,1018,0.7,0,0.61
26.02.2018,-13,1023,0.74,0.04,0.54
25.02.2018,-13,1026,0.74,0.02,0.53
24.02.2018,-9,1022,0.76,0.36,0.46
23.02.2018,-6,1021,0.77,0,0.71
22.02.2018,-4,1021,0.74,0,0.75
21.02.2018,-4,1019,0.77,0,0.46
20.02.2018,-3,1017,0.72,0,0
19.02.2018,-1,1023,0.68,0,0.4
18.02.2018,-1,1025,0.79,0.14,0.67
17.02.2018,-1,1023,0.83,0,0.17
16.02.2018,-1,1022,0.87,0.04,0.35
15.02.2018,-2,1021,0.85,0,0.58
14.02.2018,-2,1016,0.86,0.02,0.61
13.02.2018,-1,1015,0.85,0.04,0.23
12.02.2018,0,1009,0.83,0,0.56
11.02.2018,-1,1009,0.75,0,0.77
10.02.2018,-3,1015,0.86,0,0.94
09.02.2018,-3,1017,0.79,0.11,0.54
08.02.2018,-2,1015,0.92,0.36,0.9
07.02.2018,-3,1014,0.78,0,0.23
06.02.2018,-8,1020,0.72,0,0.02
05.02.2018,-5,1023,0.81,0,0.4
04.02.2018,-0,1012,0.94,0.06,0.64
03.02.2018,-1,1004,0.89,0,0
02.02.2018,1,1005,0.92,0.17,0.3
01.02.2018,4,1002,0.82,0.53,0.37
31.01.2018,2,1016,0.71,0,0.03
30.01.2018,4,1020,0.77,0.38,0.77
29.01.2018,7,1020,0.84,0.21,0.84
28.01.2018,3,1026,0.93,0.43,0.55
27.01.2018,2,1028,0.97,0.53,0.58
26.01.2018,1,1019,0.79,0,0
25.01.2018,3,1019,0.75,0,0
24.01.2018,2,1024,0.86,0.02,0.27
23.01.2018,-2,1021,0.84,0.04,0.67
22.01.2018,-3,1015,0.87,0,0.44
21.01.2018,-2,1008,0.91,0,0.53
20.01.2018,-1,1008,0.91,0.02,0.4
19.01.2018,1,1003,0.82,0.15,0.72
18.01.2018,1,999,0.84,0.4,0.53
17.01.2018,0,994,0.86,0.23,0.42
16.01.2018,-3,1000,0.84,0,0.35
15.01.2018,-6,1023,0.8,0,0.3
14.01.2018,-5,1029,0.77,0,0.21
13.01.2018,-2,1031,0.77,0,0.82
12.01.2018,-0,1026,0.96,0.19,1
11.01.2018,2,1015,0.97,0.28,0.82
10.01.2018,3,1015,0.91,0.13,0.04
09.01.2018,-0,1027,0.7,0.02,0.01
08.01.2018,-1,1031,0.87,0,0.4
07.01.2018,4,1022,0.94,0.43,0.7
06.01.2018,7,1009,0.9,0.11,0.39
05.01.2018,6,1000,0.79,0.28,0.3
04.01.2018,4,999,0.8,0.23,0.36
03.01.2018,2,1000,0.89,0.34,0.39
02.01.2018,2,1007,0.9,0.13,0.31
01.01.2018,5,1006,0.85,0.02,0.04
31.12.2017,5,1007,0.9,0.3,0.53
30.12.2017,-2,1009,0.85,0,0.02
29.12.2017,-0,1006,0.95,0.11,0.39
28.12.2017,6,992,0.75,0.3,0.31
27.12.2017,4,997,0.81,0,0.06
26.12.2017,3,1009,0.83,0,0
25.12.2017,6,1017,0.79,0,0.49
24.12.2017,7,1017,0.87,0.36,0.7
23.12.2017,3,1021,0.91,0.4,0.82
22.12.2017,3,1026,0.94,0.49,0.8
21.12.2017,-0,1027,0.92,0.09,0.87
20.12.2017,-2,1031,0.89,0.3,0.88
19.12.2017,-3,1028,0.91,0.06,0.78
18.12.2017,-2,1024,0.95,0.02,0.52
17.12.2017,-0,1016,0.89,0,0.67
16.12.2017,-1,1004,0.9,0,0.41
15.12.2017,3,997,0.73,0.02,0.25
14.12.2017,3,998,0.67,0,0.1
13.12.2017,1,1013,0.72,0,0.05
12.12.2017,9,1002,0.66,0.09,0.03
11.12.2017,7,993,0.7,0.02,0.02
10.12.2017,-0,1002,0.7,0,0.24
09.12.2017,-0,1007,0.84,0,0.2
08.12.2017,3,1007,0.75,0.04,0.19
07.12.2017,3,1019,0.77,0,0.5
06.12.2017,3,1023,0.91,0.85,0.75
05.12.2017,1,1023,0.93,0.43,0.81
04.12.2017,-1,1017,0.94,0.17,0.67
03.12.2017,-1,1021,0.97,0,0.73
02.12.2017,-3,1023,0.96,0,0.63
01.12.2017,-1,1011,0.94,0,0.65
30.11.2017,0,1000,0.98,0.06,0.75
29.11.2017,1,1008,0.93,0,0.52
28.11.2017,2,1010,0.73,0,0.01
27.11.2017,0,1020,0.91,0.06,0.41
26.11.2017,2,1017,0.87,0.04,0.56
25.11.2017,7,1010,0.83,0.13,0.22
24.11.2017,6,1015,0.86,0.02,0.01
23.11.2017,7,1013,0.84,0,0.02
22.11.2017,6,1011,0.95,0.55,0.78
21.11.2017,2,1012,0.94,0.53,0.87
20.11.2017,1,1011,0.91,0.39,0.68
19.11.2017,3,1008,0.78,0.26,0.47
18.11.2017,3,1017,0.82,0,0.56
17.11.2017,4,1022,0.93,0.57,0.6
16.11.2017,1,1025,0.86,0,0.07
15.11.2017,2,1026,0.87,0,0.46
14.11.2017,2,1021,0.9,0.06,0.43
13.11.2017,3,1005,0.93,0.6,0.74
12.11.2017,3,1003,0.85,0.36,0.56
11.11.2017,5,1007,0.75,0.26,0.49
10.11.2017,6,1015,0.86,0.23,0.71
09.11.2017,6,1020,0.88,0.15,0.8
08.11.2017,4,1020,0.87,0,1
07.11.2017,7,1023,0.87,0.04,0.83
06.11.2017,6,1017,0.89,0,0.15
05.11.2017,8,1011,0.74,0,0.04
04.11.2017,7,1017,0.76,0,0.14
03.11.2017,8,1016,0.93,0.23,0.79
02.11.2017,8,1011,0.92,0.55,0.46
01.11.2017,6,1019,0.89,0.23,0.68
31.10.2017,2,1020,0.84,0,0.19
30.10.2017,2,1010,0.78,0.09,0.47
29.10.2017,6,992,0.85,0.67,0.71
28.10.2017,7,1010,0.9,0.6,0.64
27.10.2017,9,1013,0.9,0.55,0.67
26.10.2017,11,1021,0.89,0.06,0.43
25.10.2017,7,1022,0.92,0.28,0.34
24.10.2017,7,1023,0.88,0,0.59
23.10.2017,8,1013,0.91,0.06,0.51
22.10.2017,7,1014,0.95,0.3,0.64
21.10.2017,10,1016,0.89,0,0.1
20.10.2017,9,1017,0.96,0,0.04
19.10.2017,11,1016,0.87,0,0.03
18.10.2017,13,1017,0.82,0,0
17.10.2017,14,1024,0.8,0,0
16.10.2017,15,1025,0.8,0,0
15.10.2017,14,1027,0.83,0,0.34
14.10.2017,12,1026,0.85,0,0.69
13.10.2017,10,1023,0.77,0,0.21
12.10.2017,13,1018,0.82,0.04,0.07
11.10.2017,12,1017,0.88,0.26,0.6
10.10.2017,8,1015,0.89,0.47,0.6
09.10.2017,7,1014,0.81,0.04,0.46
08.10.2017,8,1010,0.9,0.46,0.66
07.10.2017,9,1015,0.88,0.23,0.69
06.10.2017,8,1007,0.84,0.47,0.72
05.10.2017,11,1007,0.78,0.38,0.53
04.10.2017,11,1019,0.78,0,0.33
03.10.2017,11,1014,0.88,0.78,0.61
02.10.2017,10,1022,0.7,0,0
01.10.2017,9,1024,0.74,0,0
30.09.2017,10,1024,0.79,0,0.03
29.09.2017,10,1027,0.79,0,0.08
28.09.2017,11,1030,0.75,0,0.01
27.09.2017,13,1028,0.76,0,0
26.09.2017,12,1027,0.91,0,0.23
25.09.2017,13,1023,0.87,0.36,0.45
24.09.2017,13,1020,0.9,0.19,0.67
23.09.2017,11,1017,0.97,0.76,0.62
22.09.2017,10,1018,0.94,0.49,0.49
21.09.2017,11,1015,0.9,0.47,0.62
20.09.2017,10,1015,0.94,0.61,0.65
19.09.2017,9,1016,0.88,0.38,0.22
18.09.2017,12,1014,0.8,0.11,0.25
17.09.2017,11,1011,0.95,0.85,0.74
16.09.2017,12,1013,0.88,0.33,0.49
15.09.2017,12,1013,0.74,0.06,0.28
14.09.2017,18,1005,0.64,0.36,0.19
13.09.2017,15,1010,0.7,0.04,0.12
12.09.2017,13,1007,0.89,0.68,0.45
11.09.2017,18,1005,0.84,0.38,0.17
10.09.2017,18,1006,0.75,0.02,0.07
09.09.2017,17,1005,0.64,0,0
08.09.2017,14,1013,0.69,0.04,0.11
07.09.2017,13,1012,0.79,0.17,0.5
06.09.2017,15,1013,0.86,0.34,0.48
05.09.2017,12,1016,0.84,0.49,0.41
04.09.2017,13,1013,0.78,0.13,0.38
03.09.2017,12,1012,0.93,0.6,0.66
02.09.2017,12,1014,0.92,0.45,0.58
01.09.2017,17,1014,0.89,0.19,0.69
31.08.2017,21,1014,0.56,0,0
30.08.2017,18,1017,0.62,0,0
29.08.2017,15,1020,0.74,0,0.05
28.08.2017,15,1019,0.75,0,0.17
27.08.2017,20,1015,0.73,0.13,0.07
26.08.2017,18,1018,0.81,0.09,0.08
25.08.2017,19,1018,0.66,0,0.08
24.08.2017,16,1017,0.66,0,0
23.08.2017,14,1018,0.75,0.04,0.41
22.08.2017,14,1019,0.75,0.02,0.41
21.08.2017,13,1020,0.82,0.06,0.22
20.08.2017,14,1019,0.95,0.47,0.45
19.08.2017,19,1016,0.79,0.23,0.27
18.08.2017,22,1017,0.65,0,0
17.08.2017,19,1021,0.84,0.11,0.42
16.08.2017,22,1020,0.6,0,0.02
15.08.2017,19,1023,0.6,0,0
14.08.2017,17,1023,0.81,0.15,0.27
13.08.2017,15,1019,0.8,0.02,0.23
12.08.2017,17,1014,0.85,0.28,0.53
11.08.2017,26,1013,0.65,0.09,0.05
10.08.2017,26,1016,0.59,0.11,0.07
09.08.2017,23,1017,0.64,0,0.09
08.08.2017,18,1019,0.69,0,0.02
07.08.2017,18,1022,0.6,0,0
06.08.2017,19,1018,0.65,0,0.13
05.08.2017,23,1014,0.59,0,0.01
04.08.2017,23,1013,0.74,0.06,0.02
03.08.2017,24,1016,0.66,0.06,0
02.08.2017,24,1018,0.61,0.04,0.01
01.08.2017,27,1019,0.53,0,0
31.07.2017,26,1017,0.56,0,0.01
30.07.2017,23,1016,0.57,0,0
29.07.2017,18,1017,0.67,0,0.01
28.07.2017,18,1011,0.8,0.28,0.24
27.07.2017,17,1007,0.75,0,0.36
26.07.2017,17,1003,0.66,0,0.17
25.07.2017,17,1002,0.8,0.02,0.47
24.07.2017,20,1009,0.73,0.19,0.11
23.07.2017,21,1014,0.75,0.06,0.1
22.07.2017,22,1015,0.68,0,0.03
21.07.2017,20,1014,0.87,0.38,0.33
20.07.2017,24,1011,0.59,0,0.01
19.07.2017,23,1017,0.54,0,0.02
18.07.2017,20,1021,0.69,0,0.16
17.07.2017,17,1021,0.72,0.06,0.12
16.07.2017,16,1022,0.67,0,0.01
15.07.2017,14,1017,0.77,0.34,0.1
14.07.2017,14,1017,0.64,0,0
13.07.2017,15,1014,0.75,0.23,0.45
12.07.2017,20,1011,0.67,0.11,0.19
11.07.2017,19,1011,0.84,0.2,0.28
10.07.2017,22,1011,0.66,0.06,0.05
09.07.2017,20,1015,0.69,0,0.01
08.07.2017,18,1014,0.85,0.09,0.31
07.07.2017,17,1017,0.73,0.09,0.1
06.07.2017,16,1020,0.68,0,0.16
05.07.2017,15,1019,0.71,0.13,0.14
04.07.2017,16,1018,0.59,0.02,0.05
03.07.2017,16,1018,0.64,0.13,0.32
02.07.2017,16,1012,0.74,0.23,0.5
01.07.2017,19,1008,0.59,0.06,0.05
30.06.2017,20,1004,0.52,0.04,0.07
29.06.2017,24,997,0.5,0,0.01
28.06.2017,26,1004,0.55,0.02,0
27.06.2017,21,1012,0.61,0,0.07
26.06.2017,20,1011,0.65,0.02,0.09
25.06.2017,21,1012,0.61,0,0.01
24.06.2017,21,1013,0.65,0,0.17
23.06.2017,18,1010,0.81,0.32,0.33
22.06.2017,19,1014,0.56,0,0
21.06.2017,19,1016,0.56,0,0.01
20.06.2017,23,1016,0.62,0,0.01
19.06.2017,19,1022,0.69,0,0.04
18.06.2017,17,1022,0.73,0,0.37
17.06.2017,12,1016,0.93,0.57,0.77
16.06.2017,17,1013,0.72,0.17,0.12
15.06.2017,15,1018,0.64,0,0.05
14.06.2017,15,1017,0.65,0,0.2
13.06.2017,16,1014,0.61,0,0.02
12.06.2017,18,1012,0.69,0.06,0.05
11.06.2017,16,1020,0.68,0,0.04
10.06.2017,15,1018,0.78,0.19,0.21
09.06.2017,17,1018,0.57,0,0
08.06.2017,15,1020,0.6,0,0.02
07.06.2017,16,1013,0.63,0.11,0.19
06.06.2017,21,1008,0.6,0.04,0.04
05.06.2017,16,1015,0.75,0,0.38
04.06.2017,19,1011,0.68,0.15,0.2
03.06.2017,16,1016,0.56,0,0
02.06.2017,15,1018,0.56,0,0
01.06.2017,16,1019,0.56,0,0
31.05.2017,19,1016,0.74,0,0.17
30.05.2017,21,1013,0.72,0.21,0.14
29.05.2017,21,1016,0.52,0,0.01
28.05.2017,17,1023,0.61,0,0
27.05.2017,15,1022,0.72,0,0.09
26.05.2017,14,1019,0.74,0.06,0.13
25.05.2017,13,1018,0.81,0.38,0.48
24.05.2017,12,1015,0.86,0.19,0.46
23.05.2017,16,1016,0.74,0.36,0.2
22.05.2017,16,1020,0.64,0,0.12
21.05.2017,15,1020,0.7,0.09,0.56
20.05.2017,15,1015,0.8,0.04,0.31
19.05.2017,19,1013,0.56,0,0
18.05.2017,17,1019,0.6,0,0
17.05.2017,14,1026,0.64,0,0.01
16.05.2017,13,1028,0.74,0,0.17
15.05.2017,12,1025,0.83,0.06,0.16
14.05.2017,13,1020,0.68,0,0.01
13.05.2017,13,1011,0.85,0,0.49
12.05.2017,12,1005,0.79,0.04,0.19
11.05.2017,11,1007,0.56,0,0
10.05.2017,4,1012,0.67,0,0.15
09.05.2017,4,1014,0.71,0.04,0.5
08.05.2017,9,1010,0.79,0.3,0.7
07.05.2017,11,1009,0.87,0.15,0.68
06.05.2017,12,1013,0.95,0.3,0.56
05.05.2017,12,1016,0.86,0.04,0.29
04.05.2017,11,1015,0.92,0.17,0.65
03.05.2017,11,1020,0.89,0.15,0.84
02.05.2017,9,1017,0.85,0.04,0.38
01.05.2017,8,1017,0.71,0,0.07
30.04.2017,7,1020,0.7,0.13,0.17
29.04.2017,6,1015,0.77,0.23,0.45
28.04.2017,4,1009,0.96,1,0.73
27.04.2017,2,1013,0.96,0.53,0.69
26.04.2017,4,1010,0.94,0.98,0.73
25.04.2017,10,1007,0.66,0.11,0.07
24.04.2017,6,1016,0.66,0.04,0.3
23.04.2017,4,1015,0.73,0.06,0.55
22.04.2017,6,1014,0.67,0.19,0.46
21.04.2017,4,1024,0.63,0,0.18
20.04.2017,1,1028,0.62,0.02,0.25
19.04.2017,1,1021,0.85,0,0.59
18.04.2017,1,1014,0.93,0.19,0.71
17.04.2017,4,1013,0.84,0.19,0.62
16.04.2017,5,1012,0.78,0.17,0.53
15.04.2017,8,1011,0.67,0.11,0.14
14.04.2017,7,1012,0.66,0,0.05
13.04.2017,7,1008,0.8,0.3,0.51
12.04.2017,7,1015,0.7,0.09,0.35
11.04.2017,7,1017,0.72,0.28,0.54
10.04.2017,13,1017,0.6,0,0.02
09.04.2017,8,1025,0.76,0,0.51
08.04.2017,9,1019,0.8,0.26,0.46
07.04.2017,5,1014,0.91,0.85,0.61
06.04.2017,5,1014,0.83,0.34,0.56
05.04.2017,11,1017,0.77,0.17,0.16
04.04.2017,13,1021,0.68,0,0.08
03.04.2017,10,1022,0.78,0.09,0.07
02.04.2017,15,1015,0.49,0,0
01.04.2017,14,1016,0.53,0,0
31.03.2017,11,1022,0.71,0,0
30.03.2017,10,1025,0.76,0.06,0.49
29.03.2017,11,1020,0.61,0.06,0.06
28.03.2017,10,1021,0.56,0,0
27.03.2017,5,1025,0.65,0,0
26.03.2017,2,1024,0.75,0,0.22
25.03.2017,4,1025,0.65,0,0.04
24.03.2017,5,1026,0.85,0,0.53
23.03.2017,5,1018,0.91,0,0.93
22.03.2017,4,1016,0.94,0.66,0.61
21.03.2017,10,1009,0.73,0,0.12
20.03.2017,8,1007,0.88,0.47,0.58
19.03.2017,3,1006,0.68,0.19,0.36
18.03.2017,4,1001,0.85,0.47,0.5
17.03.2017,6,1012,0.73,0.21,0.24
16.03.2017,4,1021,0.67,0,0.16
15.03.2017,5,1024,0.68,0.06,0.38
14.03.2017,2,1027,0.72,0,0.17
13.03.2017,2,1024,0.77,0.02,0.31
12.03.2017,3,1021,0.74,0,0.41
11.03.2017,4,1022,0.76,0,0.5
10.03.2017,4,1016,0.83,0.06,0.68
09.03.2017,2,1016,0.92,0.28,0.4
08.03.2017,3,1022,0.75,0,0.2
07.03.2017,4,1008,0.83,0.02,0.33
06.03.2017,5,1001,0.87,0.39,0.52
05.03.2017,11,1003,0.61,0.28,0.25
04.03.2017,9,1004,0.55,0,0
03.03.2017,5,1014,0.65,0.15,0.27
02.03.2017,6,1006,0.65,0.15,0.32
01.03.2017,6,1002,0.71,0.21,0.33
28.02.2017,8,999,0.63,0.04,0.04
27.02.2017,9,1010,0.45,0,0.03
26.02.2017,4,1015,0.51,0.02,0.05
25.02.2017,-1,1018,0.79,0.21,0.36
24.02.2017,5,1000,0.64,0.19,0.27
23.02.2017,6,999,0.82,0.47,0.48
22.02.2017,5,1005,0.87,0.43,0.51
21.02.2017,5,1006,0.91,0.57,0.58
20.02.2017,2,1016,0.83,0.09,0.29
19.02.2017,1,1022,0.9,0,0.48
18.02.2017,2,1022,0.95,0.38,0.73
17.02.2017,2,1021,0.89,0.4,0.33
16.02.2017,2,1029,0.7,0,0
15.02.2017,-2,1034,0.73,0,0
14.02.2017,-4,1035,0.85,0,0.01
13.02.2017,-7,1036,0.91,0.04,0.71
12.02.2017,-6,1033,0.78,0,0
11.02.2017,-6,1028,0.68,0,0.01
10.02.2017,-4,1029,0.77,0.04,0.28
09.02.2017,-7,1031,0.81,0,0.61
08.02.2017,-8,1026,0.8,0.06,0.71
07.02.2017,-5,1020,0.93,0.36,0.98
06.02.2017,-2,1014,0.94,0.21,0.97
05.02.2017,1,1005,0.98,0.23,0.81
04.02.2017,0,1007,0.99,0,1
03.02.2017,1,1010,0.97,0.11,0.62
02.02.2017,-0,1016,0.92,0.09,0.52
01.02.2017,-1,1020,0.85,0,0.65
31.01.2017,-3,1018,0.74,0,0.13
30.01.2017,-6,1021,0.72,0,0
29.01.2017,-7,1024,0.77,0,0
28.01.2017,-8,1023,0.73,0,0
27.01.2017,-5,1027,0.72,0,0
26.01.2017,-3,1032,0.85,0.13,0.25
25.01.2017,-2,1029,0.95,0.94,0.98
24.01.2017,-6,1025,0.92,0.53,0.77
23.01.2017,-4,1024,0.77,0,0
22.01.2017,-1,1031,0.83,0,0.35
21.01.2017,-1,1032,0.91,0.36,0.85
20.01.2017,-4,1033,0.88,0.15,0.79
19.01.2017,-9,1037,0.88,0.21,0.96
18.01.2017,-6,1038,0.86,0,0.97
17.01.2017,-3,1031,0.9,0,0.8
16.01.2017,-3,1020,0.87,0,0.82
15.01.2017,-2,1012,0.87,0.17,0.69
14.01.2017,-1,1000,0.87,0.04,0.69
13.01.2017,2,995,0.76,0,0.25
12.01.2017,-1,1005,0.85,0.36,0.57
11.01.2017,-10,1014,0.72,0,0
10.01.2017,-11,1019,0.81,0,0.28
09.01.2017,-17,1026,0.76,0,0.12
08.01.2017,-18,1027,0.77,0,0
07.01.2017,-22,1031,0.81,0,0.3
06.01.2017,-15,1032,0.75,0,0.23
05.01.2017,-6,1014,0.79,0.3,0.48
04.01.2017,0,998,0.88,0.34,0.74
03.01.2017,-2,1014,0.91,0,0.7
02.01.2017,-2,1013,0.82,0.06,0.41
01.01.2017,-2,1019,0.66,0,0
31.12.2016,-3,1029,0.81,0,0.01
30.12.2016,-2,1037,0.86,0,0.46
29.12.2016,-2,1039,0.86,0,0.55
28.12.2016,0,1030,0.79,0,0.44
27.12.2016,3,1021,0.77,0.34,0.73
26.12.2016,6,1019,0.89,0.43,0.81
25.12.2016,3,1018,0.93,0.55,0.81
24.12.2016,-1,1024,0.95,0.28,0.89
23.12.2016,-2,1032,0.98,0.43,1
22.12.2016,-3,1031,0.9,0,0.2
21.12.2016,-2,1030,0.95,0,0.07
20.12.2016,-3,1031,0.97,0,0.01
19.12.2016,-0,1032,1,0,0.4
18.12.2016,-1,1031,0.99,0.47,0.92
17.12.2016,-1,1034,0.78,0,0.07
16.12.2016,-2,1034,0.88,0,0.06
15.12.2016,0,1029,0.96,0.39,0.69
14.12.2016,-1,1021,0.86,0.26,0.83
13.12.2016,-5,1027,0.77,0,0.2
12.12.2016,0,1017,0.9,0.34,0.49
11.12.2016,6,1010,0.9,0.66,0.76
10.12.2016,6,1019,0.88,0.04,0.49
09.12.2016,3,1023,0.83,0.17,0.53
08.12.2016,2,1027,0.75,0.21,0.14
07.12.2016,-0,1034,0.83,0,0.32
06.12.2016,-2,1027,0.93,0.38,0.61
05.12.2016,-3,1027,0.74,0,0
04.12.2016,-2,1029,0.88,0,0.36
03.12.2016,-0,1021,0.86,0.11,0.79
02.12.2016,2,1007,0.88,0.51,0.69
01.12.2016,1,1011,0.96,0.66,0.74
30.11.2016,-1,1024,0.77,0,0.33
29.11.2016,-2,1028,0.87,0,0.65
28.11.2016,-1,1018,0.84,0.49,0.71
27.11.2016,3,1010,0.93,0.51,0.71
26.11.2016,2,1017,0.97,0,0.88
25.11.2016,3,1022,0.94,0.28,0.45
24.11.2016,8,1021,0.88,0.11,0.9
23.11.2016,10,1021,0.78,0,0.01
22.11.2016,12,1017,0.68,0,0
21.11.2016,13,1015,0.69,0,0
20.11.2016,8,1014,0.87,0.04,0.05
19.11.2016,10,1011,0.88,0.53,0.39
18.11.2016,7,1011,0.79,0,0
17.11.2016,5,1013,0.9,0.28,0.78
16.11.2016,2,1018,0.94,0.57,0.96
15.11.2016,-0,1028,0.78,0.04,0.15
14.11.2016,-0,1033,0.9,0.04,0.8
13.11.2016,-2,1026,0.9,0.17,0.55
12.11.2016,-0,1022,0.84,0,0.89
11.11.2016,2,1014,0.86,0,0.78
10.11.2016,1,1007,0.87,0.09,0.47
09.11.2016,-1,1008,0.96,0,0.41
08.11.2016,3,1009,0.86,0,0.42
07.11.2016,4,1003,0.92,0.26,0.72
06.11.2016,6,999,0.91,0.6,0.7
05.11.2016,6,1007,0.67,0,0.08
04.11.2016,2,1019,0.75,0,0
03.11.2016,2,1016,0.86,0.32,0.61
02.11.2016,6,1009,0.85,0.36,0.64
01.11.2016,8,1019,0.89,0.11,0.51
31.10.2016,5,1026,0.8,0.02,0.51
30.10.2016,5,1023,0.82,0.02,0.76
29.10.2016,8,1024,0.84,0.13,0.68
28.10.2016,5,1030,0.88,0.19,0.27
27.10.2016,4,1031,0.81,0,0.56
26.10.2016,7,1027,0.85,0,0.67
25.10.2016,12,1018,0.92,0.23,0.28
24.10.2016,10,1018,0.79,0,0.07
23.10.2016,7,1018,0.8,0.11,0.19
22.10.2016,5,1015,0.94,0,0.41
21.10.2016,6,1014,0.96,0.26,0.77
20.10.2016,7,1017,0.95,0.94,0.76
19.10.2016,9,1019,0.88,0.32,0.66
18.10.2016,9,1023,0.84,0,0.81
17.10.2016,6,1027,0.86,0,0.72
16.10.2016,6,1024,0.92,0.49,0.87
15.10.2016,10,1016,0.76,0,0.29
14.10.2016,6,1021,0.82,0,0.17
13.10.2016,5,1020,0.88,0.21,0.82
12.10.2016,6,1015,0.93,0.89,0.74
11.10.2016,6,1017,0.94,0.32,0.84
10.10.2016,7,1022,0.9,0.23,0.7
09.10.2016,6,1020,0.88,0.04,0.71
08.10.2016,5,1017,0.94,0.28,0.53
07.10.2016,3,1017,0.84,0,0.12
06.10.2016,5,1013,0.86,0.3,0.52
05.10.2016,4,1018,0.89,0.68,0.74
04.10.2016,10,1020,0.82,0.45,0.58
03.10.2016,11,1017,0.95,0.94,0.68
02.10.2016,14,1014,0.81,0.17,0.13
01.10.2016,16,1014,0.75,0,0
30.09.2016,18,1015,0.64,0,0.02
29.09.2016,18,1020,0.61,0,0.03
28.09.2016,12,1025,0.79,0,0
27.09.2016,10,1026,0.81,0,0.03
26.09.2016,10,1023,0.84,0,0.04
25.09.2016,9,1024,0.8,0,0.02
24.09.2016,10,1025,0.9,0.09,0.09
23.09.2016,10,1023,0.78,0,0.01
22.09.2016,8,1021,0.82,0,0.1
21.09.2016,9,1018,0.88,0.21,0.37
20.09.2016,10,1016,0.76,0.02,0.27
19.09.2016,12,1013,0.9,0.09,0.71
18.09.2016,14,1012,0.96,0.19,0.93
17.09.2016,17,1011,0.92,0.49,0.27
16.09.2016,19,1014,0.71,0,0.01
15.09.2016,15,1017,0.71,0,0
14.09.2016,17,1018,0.7,0,0.02
13.09.2016,19,1019,0.69,0,0
12.09.2016,20,1021,0.7,0,0
11.09.2016,20,1019,0.73,0,0
10.09.2016,20,1018,0.75,0,0.02
09.09.2016,20,1017,0.72,0,0
08.09.2016,19,1018,0.76,0,0.01
07.09.2016,17,1025,0.86,0,0.04
06.09.2016,15,1023,0.93,0.28,0.7
05.09.2016,16,1012,0.84,0.26,0.47
04.09.2016,19,1014,0.71,0.11,0.04
03.09.2016,18,1018,0.73,0,0.01
02.09.2016,18,1020,0.72,0,0
01.09.2016,16,1021,0.69,0,0
31.08.2016,14,1025,0.71,0,0.02
30.08.2016,17,1023,0.68,0,0.03
29.08.2016,22,1016,0.67,0.02,0.04
28.08.2016,21,1019,0.68,0,0
27.08.2016,20,1022,0.72,0,0
26.08.2016,19,1023,0.69,0,0
25.08.2016,17,1025,0.76,0,0.03
24.08.2016,17,1026,0.82,0,0.26
23.08.2016,16,1027,0.8,0,0.07
22.08.2016,16,1023,0.9,0.09,0.48
21.08.2016,18,1017,0.88,0.32,0.3
20.08.2016,20,1016,0.72,0,0.06
19.08.2016,19,1013,0.69,0,0.02
18.08.2016,16,1011,0.71,0,0.01
17.08.2016,15,1013,0.76,0.07,0.11
16.08.2016,14,1018,0.78,0,0.06
15.08.2016,16,1022,0.72,0,0.05
14.08.2016,19,1021,0.79,0,0.08
13.08.2016,16,1023,0.8,0.05,0.23
12.08.2016,12,1023,0.72,0,0.01
11.08.2016,12,1020,0.83,0.03,0.49
10.08.2016,12,1017,0.95,0.87,0.7
09.08.2016,20,1017,0.73,0.22,0.17
08.08.2016,19,1021,0.66,0,0
07.08.2016,16,1026,0.72,0,0.02
06.08.2016,16,1021,0.92,0.36,0.43
05.08.2016,21,1013,0.78,0.07,0.11
04.08.2016,23,1014,0.66,0,0.08
03.08.2016,19,1016,0.68,0,0.15
02.08.2016,17,1017,0.66,0,0
01.08.2016,17,1014,0.87,0.47,0.46
31.07.2016,20,1012,0.86,0.26,0.15
30.07.2016,19,1014,0.82,0.08,0.1
29.07.2016,19,1014,0.84,0.11,0.11
28.07.2016,20,1015,0.87,0.16,0.4
27.07.2016,21,1016,0.81,0.22,0.12
26.07.2016,21,1017,0.86,0.22,0.12
25.07.2016,21,1017,0.84,0.26,0.15
24.07.2016,21,1019,0.73,0,0.01
23.07.2016,19,1018,0.68,0,0
22.07.2016,20,1016,0.64,0,0
21.07.2016,18,1016,0.67,0,0
20.07.2016,16,1019,0.78,0,0.08
19.07.2016,15,1020,0.91,0.14,0.62
18.07.2016,16,1018,0.87,0.1,0.62
17.07.2016,16,1018,0.8,0,0.21
16.07.2016,14,1022,0.9,0.35,0.29
15.07.2016,14,1018,0.81,0.17,0.6
14.07.2016,17,1006,0.92,0.44,0.61
13.07.2016,19,1011,0.88,0.43,0.55
12.07.2016,23,1012,0.77,0.21,0.17
11.07.2016,25,1012,0.57,0,0.02
10.07.2016,19,1017,0.64,0,0.02
09.07.2016,18,1015,0.7,0.16,0.18
08.07.2016,17,1019,0.63,0,0
07.07.2016,15,1018,0.63,0,0.06
06.07.2016,16,1013,0.7,0.11,0.17
05.07.2016,17,1017,0.66,0.12,0.04
04.07.2016,16,1021,0.63,0,0.02
03.07.2016,16,1018,0.83,0.52,0.52
02.07.2016,23,1015,0.66,0.11,0.07
01.07.2016,22,1017,0.74,0,0.1
30.06.2016,22,1015,0.68,0.17,0.07
29.06.2016,20,1015,0.67,0,0
28.06.2016,18,1017,0.77,0.23,0.17
27.06.2016,17,1017,0.82,0.04,0.23
26.06.2016,20,1015,0.81,0.22,0.16
25.06.2016,26,1015,0.61,0.13,0.08
24.06.2016,26,1020,0.64,0,0.02
23.06.2016,22,1025,0.67,0,0.01
22.06.2016,20,1025,0.73,0,0.03
21.06.2016,19,1022,0.76,0,0.17
20.06.2016,16,1018,0.96,0.58,0.69
19.06.2016,18,1018,0.62,0,0.02
18.06.2016,18,1016,0.59,0,0.02
17.06.2016,21,1004,0.63,0.2,0.09
16.06.2016,19,1006,0.7,0.04,0.08
15.06.2016,16,1001,0.83,0.1,0.19
14.06.2016,16,1000,0.82,0.12,0.14
13.06.2016,17,1004,0.58,0,0.01
12.06.2016,14,1011,0.61,0,0
11.06.2016,13,1011,0.71,0.07,0.06
10.06.2016,15,1010,0.66,0,0.03
09.06.2016,15,1013,0.72,0,0.09
08.06.2016,16,1018,0.57,0,0
07.06.2016,13,1023,0.58,0,0
06.06.2016,15,1020,0.56,0,0.02
05.06.2016,18,1014,0.69,0,0.03
04.06.2016,17,1012,0.74,0,0.03
03.06.2016,16,1011,0.88,0.11,0.56
02.06.2016,15,1012,0.87,0.32,0.23
01.06.2016,17,1012,0.8,0.14,0.09
31.05.2016,18,1009,0.84,0.17,0.13
30.05.2016,20,1008,0.74,0.12,0.06
29.05.2016,18,1011,0.83,0.29,0.22
28.05.2016,20,1015,0.67,0,0.07
27.05.2016,15,1017,0.78,0,0.04
26.05.2016,14,1015,0.9,0.24,0.71
25.05.2016,15,1009,0.72,0.1,0.02
24.05.2016,20,1006,0.58,0,0
23.05.2016,19,1010,0.6,0,0
22.05.2016,17,1017,0.63,0,0
21.05.2016,15,1019,0.69,0,0.02
20.05.2016,11,1016,0.73,0,0.02
19.05.2016,12,1012,0.7,0,0.05
18.05.2016,9,1013,0.84,0.22,0.48
17.05.2016,7,1014,0.78,0.33,0.34
16.05.2016,7,1014,0.71,0,0.25
15.05.2016,8,1010,0.65,0,0.1
14.05.2016,14,998,0.81,0.14,0.35
13.05.2016,15,996,0.72,0.03,0.06
12.05.2016,16,1005,0.63,0,0.01
11.05.2016,13,1012,0.69,0,0.01
10.05.2016,13,1018,0.7,0,0.02
09.05.2016,12,1020,0.78,0,0.08
08.05.2016,12,1019,0.8,0.06,0.15
07.05.2016,12,1018,0.62,0,0
06.05.2016,13,1021,0.62,0,0.01
05.05.2016,12,1024,0.77,0,0.31
04.05.2016,11,1018,0.85,0.2,0.12
03.05.2016,12,1014,0.79,0.1,0.16
02.05.2016,11,1020,0.73,0.03,0.17
01.05.2016,8,1020,0.79,0,0.06
30.04.2016,8,1020,0.7,0,0.03
29.04.2016,6,1020,0.7,0,0.01
28.04.2016,5,1014,0.73,0.1,0.11
27.04.2016,5,1007,0.89,0.82,0.72
26.04.2016,4,1004,0.68,0.03,0.03
25.04.2016,3,1007,0.7,0.03,0.19
24.04.2016,5,1005,0.79,0.45,0.5
23.04.2016,7,1008,0.56,0.06,0.07
22.04.2016,8,1015,0.6,0,0.02
21.04.2016,7,1024,0.64,0,0.04
20.04.2016,7,1024,0.65,0.12,0.42
19.04.2016,6,1019,0.76,0,0.02
18.04.2016,8,1017,0.79,0.31,0.39
17.04.2016,13,1007,0.72,0.03,0.04
16.04.2016,12,1007,0.74,0.11,0.05
15.04.2016,9,1010,0.78,0.18,0.54
14.04.2016,8,1005,0.93,0.47,0.44
13.04.2016,11,1008,0.77,0,0.21
12.04.2016,10,1011,0.86,0,0.7
11.04.2016,8,1013,0.9,0.14,0.69
10.04.2016,6,1009,0.95,0.24,0.78
09.04.2016,6,1006,0.96,1,0.75
08.04.2016,8,1010,0.82,0.15,0.44
07.04.2016,10,1011,0.82,0.12,0.06
06.04.2016,12,1009,0.74,0,0.07
05.04.2016,15,1006,0.59,0,0.01
04.04.2016,14,1010,0.54,0,0
03.04.2016,10,1017,0.5,0,0
02.04.2016,3,1025,0.69,0,0.01
01.04.2016,4,1015,0.91,0.18,0.48
31.03.2016,9,1012,0.85,0.05,0.32
30.03.2016,8,1012,0.64,0.19,0.13
29.03.2016,9,1008,0.61,0.05,0.05
28.03.2016,8,1011,0.59,0,0.11
27.03.2016,7,1015,0.73,0,0.32
26.03.2016,5,1015,0.86,0.22,0.48
25.03.2016,3,1013,0.75,0.19,0.3
24.03.2016,2,1009,0.73,0,0.01
23.03.2016,3,1007,0.9,0.1,0.53
22.03.2016,4,1007,0.89,0.52,0.58
21.03.2016,4,1011,0.79,0.38,0.6
20.03.2016,2,1013,0.73,0.12,0.5
19.03.2016,1,1017,0.54,0,0.05
18.03.2016,4,1015,0.77,0,0.18
17.03.2016,2,1027,0.74,0,0
16.03.2016,1,1030,0.77,0,0.07
15.03.2016,0,1021,0.95,0.22,0.76
14.03.2016,1,1029,0.79,0,0.13
13.03.2016,2,1030,0.94,0.12,0.66
12.03.2016,3,1026,0.99,0.49,0.98
11.03.2016,4,1021,0.98,0.32,1
10.03.2016,4,1016,0.91,0.09,0.65
09.03.2016,3,1014,0.93,0.13,0.68
08.03.2016,5,1009,0.84,0.06,0.72
07.03.2016,2,1004,0.96,0.36,0.5
06.03.2016,6,999,0.71,0.03,0.31
05.03.2016,5,1000,0.76,0,0.01
04.03.2016,3,1004,0.93,0,0.84
03.03.2016,4,1001,0.88,0.43,0.73
02.03.2016,1,1006,0.87,0,0.55
01.03.2016,0,1010,0.99,0.37,0.85
29.02.2016,3,1016,0.98,0.38,0.89
28.02.2016,2,1015,0.89,0.24,0.86
27.02.2016,-1,1014,0.76,0,0.02
26.02.2016,-0,1012,0.85,0.08,0.58
25.02.2016,-1,1011,0.94,0.26,0.36
24.02.2016,1,1012,0.87,0.28,0.49
23.02.2016,3,1007,0.93,0.64,0.76
22.02.2016,11,1003,0.75,0.17,0.54
21.02.2016,5,1008,0.93,0.77,0.71
20.02.2016,1,1017,0.88,0.03,0.4
19.02.2016,3,1013,0.97,0.71,0.9
18.02.2016,4,1016,0.96,0.14,0.25
17.02.2016,1,1027,0.91,0.07,0.25
16.02.2016,2,1029,0.93,0.24,0.69
15.02.2016,5,1005,0.95,0.33,0.7
14.02.2016,4,993,0.85,0.03,0.21
13.02.2016,2,996,0.96,0.58,0.63
12.02.2016,1,1004,0.87,0.17,0.35
11.02.2016,2,999,0.85,0.31,0.52
10.02.2016,4,991,0.89,0.77,0.66
09.02.2016,9,1001,0.62,0.03,0.16
08.02.2016,7,1008,0.69,0,0.01
07.02.2016,5,1011,0.7,0,0
06.02.2016,3,1021,0.8,0,0.24
05.02.2016,0,1022,0.89,0.14,0.55
04.02.2016,1,1015,0.8,0.15,0.59
03.02.2016,4,1012,0.8,0.18,0.35
02.02.2016,9,1013,0.78,0.23,0.42
01.02.2016,3,1012,0.91,0.47,0.66
31.01.2016,3,1008,0.78,0.29,0.47
30.01.2016,7,1016,0.65,0,0.01
29.01.2016,2,1025,0.82,0,0.08
28.01.2016,7,1018,0.78,0.09,0.13
27.01.2016,6,1018,0.81,0.08,0.28
26.01.2016,4,1023,0.97,0.31,0.51
25.01.2016,2,1024,0.96,0.53,0.57
24.01.2016,-1,1030,0.98,0.31,0.88
23.01.2016,-8,1029,0.8,0,0.14
22.01.2016,-6,1032,0.85,0,0.39
21.01.2016,-5,1021,0.88,0,0.73
20.01.2016,-6,1013,0.84,0,0.57
19.01.2016,-9,1017,0.86,0,0.4
18.01.2016,-5,1020,0.86,0,0.6
17.01.2016,-4,1018,0.79,0,0.39
16.01.2016,-3,1013,0.86,0,0.5
15.01.2016,-0,1005,0.87,0,0.62
14.01.2016,-0,1012,0.86,0.11,0.49
13.01.2016,2,1002,0.92,0.6,0.71
12.01.2016,2,992,0.96,0.49,0.78
11.01.2016,2,994,0.95,0.44,0.49
10.01.2016,1,1001,0.93,0.05,0.67
09.01.2016,-0,1007,0.82,0.15,0.23
08.01.2016,-1,1003,0.86,0,0.36
07.01.2016,-2,1002,0.92,0.13,0.68
06.01.2016,-3,1002,0.88,0,0.54
05.01.2016,-7,999,0.89,0.06,0.75
04.01.2016,-13,1002,0.8,0,0.15
03.01.2016,-14,1019,0.81,0,0.1
02.01.2016,-12,1025,0.79,0,0.06
01.01.2016,-8,1026,0.8,0,0.02
31.12.2015,-7,1031,0.68,0,0
30.12.2015,-6,1038,0.79,0,0.03
29.12.2015,1,1033,0.87,0,0.63
28.12.2015,6,1029,0.84,0.12,0.54
27.12.2015,7,1027,0.79,0,0
26.12.2015,8,1026,0.79,0.02,0.15
25.12.2015,6,1028,0.84,0,0.24
24.12.2015,3,1029,0.91,0,0.04
23.12.2015,9,1025,0.73,0,0.18
22.12.2015,7,1024,0.81,0,0.35
21.12.2015,3,1023,0.88,0.15,0.32
20.12.2015,5,1025,0.88,0,0.36
19.12.2015,6,1025,0.94,0,0.57
18.12.2015,5,1022,0.91,0.21,0.17
17.12.2015,3,1025,0.92,0.35,0.63
16.12.2015,3,1029,0.97,0.03,0.46
15.12.2015,2,1025,0.85,0.08,0.64
14.12.2015,1,1025,0.85,0.05,0.38
13.12.2015,4,1015,0.85,0.61,0.58
12.12.2015,3,1020,0.81,0.18,0.61
11.12.2015,3,1023,0.67,0.17,0.19
10.12.2015,4,1035,0.95,0.14,0.48
09.12.2015,4,1031,0.89,0.16,0.75
08.12.2015,7,1035,0.94,0,0.64
07.12.2015,5,1033,0.89,0.15,0.67
06.12.2015,5,1027,0.83,0,0.03
05.12.2015,5,1030,0.86,0,0.1
04.12.2015,4,1028,0.85,0.02,0.05
03.12.2015,5,1030,0.92,0.05,0.22
02.12.2015,4,1024,0.93,0.46,0.89
01.12.2015,5,1014,0.84,0.34,0.72
30.11.2015,5,1010,0.81,0.39,0.48
29.11.2015,2,1013,0.86,0.21,0.46
28.11.2015,-0,1010,0.86,0,0.66
27.11.2015,-2,1018,0.89,0.03,0.43
26.11.2015,0,1011,0.81,0,0.11
25.11.2015,-0,1011,0.76,0,0.14
24.11.2015,-1,1023,0.83,0,0.21
23.11.2015,0,1017,0.86,0.08,0.42
22.11.2015,1,1001,0.95,0.21,0.74
21.11.2015,3,994,0.94,0.46,0.67
20.11.2015,7,1002,0.9,0.47,0.67
19.11.2015,9,1011,0.83,0.4,0.42
18.11.2015,10,1009,0.81,0.29,0.48
17.11.2015,9,1012,0.9,0.28,0.41
16.11.2015,7,1012,0.95,0.76,0.78
15.11.2015,6,1010,0.9,0.82,0.72
14.11.2015,6,1020,0.77,0.15,0.23
13.11.2015,7,1024,0.87,0,0.05
12.11.2015,11,1024,0.85,0,0.69
11.11.2015,13,1020,0.91,0.3,0.76
10.11.2015,12,1016,0.84,0.22,0.7
09.11.2015,8,1020,0.93,0.15,0.28
08.11.2015,12,1025,0.82,0,0.2
07.11.2015,9,1023,0.93,0.29,0.51
06.11.2015,4,1024,0.89,0,0
05.11.2015,2,1022,0.86,0,0.1
04.11.2015,3,1021,0.79,0,0
03.11.2015,4,1025,0.66,0,0
02.11.2015,7,1031,0.54,0,0
01.11.2015,6,1036,0.75,0,0
31.10.2015,5,1035,0.91,0,0.16
30.10.2015,7,1029,0.87,0,0
29.10.2015,7,1019,0.8,0,0.02
28.10.2015,7,1019,0.69,0,0
27.10.2015,5,1024,0.78,0,0
26.10.2015,6,1026,0.89,0,0.42
25.10.2015,8,1021,0.85,0,0.33
24.10.2015,9,1023,0.8,0,0.09
23.10.2015,9,1019,0.84,0.11,0.78
22.10.2015,7,1016,0.89,0.19,0.66
21.10.2015,7,1016,0.95,0.34,0.76
20.10.2015,4,1017,0.98,0.31,0.76
19.10.2015,6,1018,0.86,0,0.02
18.10.2015,7,1018,0.91,0.02,0.54
17.10.2015,11,1017,0.95,0.51,0.56
16.10.2015,11,1015,0.92,0.46,0.38
15.10.2015,8,1016,0.91,0.52,0.6
14.10.2015,6,1018,0.9,0.23,0.8
13.10.2015,2,1019,0.97,0,0.76
12.10.2015,1,1019,0.89,0.18,0.75
11.10.2015,4,1019,0.55,0,0.02
10.10.2015,4,1022,0.54,0,0
09.10.2015,5,1021,0.66,0,0
08.10.2015,6,1018,0.69,0,0.01
07.10.2015,11,1015,0.74,0.07,0.22
06.10.2015,12,1013,0.78,0,0.04
05.10.2015,13,1016,0.76,0,0.01
04.10.2015,16,1016,0.69,0,0
03.10.2015,11,1021,0.7,0,0
02.10.2015,8,1028,0.69,0,0
01.10.2015,7,1033,0.74,0,0.02
30.09.2015,9,1034,0.68,0.02,0.12
29.09.2015,9,1034,0.77,0,0.14
28.09.2015,8,1032,0.77,0,0.04
27.09.2015,11,1027,0.77,0,0.14
26.09.2015,12,1020,0.86,0.49,0.42
25.09.2015,15,1017,0.66,0.12,0.14
24.09.2015,12,1017,0.85,0,0.04
23.09.2015,16,1009,0.68,0,0.04
22.09.2015,11,1012,0.71,0,0
21.09.2015,11,1017,0.76,0,0.26
20.09.2015,13,1018,0.87,0.02,0.24
19.09.2015,15,1020,0.85,0.1,0.36
18.09.2015,17,1016,0.68,0,0.04
17.09.2015,23,1005,0.63,0,0
16.09.2015,21,1007,0.71,0.02,0.11
15.09.2015,18,1012,0.83,0.02,0.23
14.09.2015,19,1012,0.64,0.04,0.05
13.09.2015,16,1019,0.71,0,0.01
12.09.2015,16,1021,0.69,0,0.27
11.09.2015,15,1022,0.73,0.14,0.06
10.09.2015,12,1023,0.75,0.07,0.08
09.09.2015,11,1022,0.84,0,0.43
08.09.2015,10,1020,0.76,0.18,0.27
07.09.2015,12,1017,0.72,0.02,0.51
06.09.2015,12,1012,0.75,0.33,0.47
05.09.2015,16,1012,0.67,0,0.02
04.09.2015,15,1013,0.87,0.49,0.47
03.09.2015,17,1015,0.69,0,0.08
02.09.2015,17,1014,0.79,0.12,0.46
01.09.2015,27,1009,0.44,0,0
31.08.2015,26,1016,0.53,0,0
30.08.2015,24,1021,0.64,0,0
29.08.2015,19,1024,0.83,0.12,0.38
28.08.2015,23,1016,0.63,0,0
27.08.2015,22,1017,0.55,0,0
26.08.2015,17,1021,0.68,0,0
25.08.2015,18,1016,0.75,0.1,0.11
24.08.2015,24,1014,0.44,0,0
23.08.2015,18,1017,0.6,0.02,0
22.08.2015,16,1022,0.61,0,0.03
21.08.2015,17,1025,0.49,0,0
20.08.2015,17,1023,0.44,0,0
19.08.2015,18,1018,0.47,0,0
18.08.2015,22,1012,0.52,0,0.04
17.08.2015,18,1010,0.85,0.35,0.05
16.08.2015,20,1010,0.83,0.18,0.11
15.08.2015,24,1010,0.56,0.13,0.03
14.08.2015,25,1014,0.55,0,0
13.08.2015,25,1018,0.58,0,0
12.08.2015,25,1018,0.64,0.2,0.02
11.08.2015,27,1015,0.55,0,0.03
10.08.2015,25,1016,0.67,0.12,0.02
09.08.2015,28,1018,0.5,0.05,0.02
08.08.2015,28,1019,0.5,0,0
07.08.2015,26,1019,0.57,0,0
06.08.2015,25,1019,0.62,0,0
05.08.2015,24,1017,0.65,0.08,0.04
04.08.2015,25,1016,0.54,0.05,0.02
03.08.2015,22,1020,0.57,0,0
02.08.2015,21,1020,0.49,0.02,0.01
01.08.2015,17,1019,0.52,0,0
31.07.2015,14,1017,0.58,0,0.01
30.07.2015,17,1012,0.56,0,0.07
29.07.2015,18,1009,0.64,0.18,0.08
28.07.2015,19,1007,0.62,0,0.02
27.07.2015,17,1007,0.7,0.12,0.1
26.07.2015,19,1012,0.55,0.18,0.12
25.07.2015,24,1008,0.68,0.05,0.04
24.07.2015,23,1015,0.6,0,0.01
23.07.2015,25,1013,0.61,0,0.08
22.07.2015,25,1015,0.61,0,0
21.07.2015,22,1015,0.67,0.05,0.09
20.07.2015,21,1013,0.62,0,0.17
19.07.2015,24,1012,0.71,0.2,0.04
18.07.2015,23,1016,0.69,0.33,0.14
17.07.2015,24,1017,0.6,0,0
16.07.2015,19,1019,0.69,0,0.01
15.07.2015,18,1017,0.77,0.05,0.37
14.07.2015,17,1014,0.86,0.28,0.4
13.07.2015,16,1014,0.9,0.41,0.58
12.07.2015,18,1015,0.54,0.06,0.05
11.07.2015,15,1018,0.55,0,0.03
10.07.2015,12,1019,0.6,0,0.13
09.07.2015,16,1013,0.7,0.12,0.02
08.07.2015,21,1008,0.78,0.32,0.14
07.07.2015,23,1016,0.56,0,0
06.07.2015,24,1017,0.6,0,0.02
05.07.2015,26,1018,0.52,0,0
04.07.2015,23,1024,0.53,0,0
03.07.2015,21,1028,0.54,0,0
02.07.2015,20,1026,0.59,0,0
01.07.2015,19,1023,0.65,0,0.04
30.06.2015,17,1022,0.69,0.04,0.05
29.06.2015,16,1021,0.79,0,0.53
28.06.2015,16,1018,0.92,0.39,0.67
27.06.2015,18,1015,0.75,0.04,0.09
26.06.2015,17,1020,0.66,0,0.03
25.06.2015,14,1023,0.68,0,0.14
24.06.2015,13,1018,0.7,0,0.11
23.06.2015,13,1009,0.84,0.55,0.37
22.06.2015,14,1013,0.78,0.23,0.16
21.06.2015,11,1015,0.89,0.14,0.38
20.06.2015,11,1014,0.84,0.21,0.25
19.06.2015,14,1012,0.77,0.21,0.48
18.06.2015,14,1014,0.68,0.03,0.03
17.06.2015,13,1020,0.67,0,0.06
16.06.2015,14,1018,0.62,0,0.05
15.06.2015,16,1012,0.93,0.44,0.7
14.06.2015,22,1010,0.67,0.15,0.1
13.06.2015,25,1010,0.54,0.09,0.05
12.06.2015,22,1016,0.59,0.03,0.04
11.06.2015,18,1021,0.65,0,0.14
10.06.2015,15,1024,0.71,0,0.21
09.06.2015,14,1022,0.8,0.08,0.69
08.06.2015,16,1024,0.64,0.06,0.1
07.06.2015,22,1024,0.61,0,0.02
06.06.2015,21,1023,0.52,0,0
05.06.2015,16,1026,0.53,0,0
04.06.2015,18,1026,0.53,0,0.01
03.06.2015,23,1019,0.56,0,0
02.06.2015,21,1018,0.67,0.03,0.06
01.06.2015,19,1017,0.62,0,0.04
31.05.2015,14,1018,0.63,0,0.02
30.05.2015,16,1012,0.69,0.1,0.06
29.05.2015,13,1014,0.65,0,0
28.05.2015,10,1017,0.69,0,0.08
27.05.2015,10,1015,0.7,0,0.28
26.05.2015,13,1010,0.94,0.57,0.72
25.05.2015,13,1014,0.85,0.06,0.42
24.05.2015,12,1018,0.87,0.42,0.51
23.05.2015,12,1017,0.83,0.31,0.32
22.05.2015,12,1023,0.79,0.08,0.31
21.05.2015,11,1019,0.9,0.53,0.55
20.05.2015,15,1010,0.88,0.25,0.51
19.05.2015,17,1009,0.63,0.11,0.06
18.05.2015,12,1016,0.56,0,0
17.05.2015,12,1020,0.61,0.11,0.12
16.05.2015,13,1018,0.58,0,0
15.05.2015,10,1014,0.68,0,0.06
14.05.2015,9,1010,0.8,0.35,0.12
13.05.2015,15,1016,0.53,0.11,0.17
12.05.2015,15,1022,0.53,0,0
11.05.2015,12,1028,0.59,0,0.08
10.05.2015,13,1020,0.74,0.16,0.19
09.05.2015,14,1017,0.63,0,0.01
08.05.2015,12,1019,0.66,0,0.02
07.05.2015,15,1016,0.69,0.03,0.27
06.05.2015,16,1012,0.89,0.67,0.53
05.05.2015,18,1011,0.72,0,0.02
04.05.2015,14,1011,0.72,0.2,0.35
03.05.2015,10,1013,0.6,0,0
02.05.2015,10,1009,0.7,0.05,0.03
01.05.2015,10,1009,0.75,0.33,0.34
30.04.2015,9,1017,0.6,0,0
29.04.2015,6,1019,0.74,0.11,0.35
28.04.2015,14,1005,0.71,0.23,0.2
27.04.2015,17,1005,0.62,0,0.03
26.04.2015,15,1010,0.69,0.11,0.05
25.04.2015,15,1012,0.52,0,0
24.04.2015,13,1014,0.59,0,0.01
23.04.2015,9,1018,0.62,0,0
22.04.2015,9,1021,0.56,0,0.01
21.04.2015,9,1020,0.49,0,0.02
20.04.2015,7,1017,0.58,0,0.05
19.04.2015,6,1020,0.68,0.08,0.12
18.04.2015,4,1018,0.76,0.12,0.4
17.04.2015,9,1011,0.61,0,0.05
16.04.2015,13,1011,0.65,0.11,0.07
15.04.2015,15,1015,0.51,0.03,0.03
14.04.2015,6,1024,0.54,0.06,0.04
13.04.2015,8,1023,0.63,0.09,0.09
12.04.2015,12,1026,0.54,0,0.03
11.04.2015,12,1021,0.53,0,0
10.04.2015,10,1025,0.56,0,0
09.04.2015,8,1030,0.54,0,0.04
08.04.2015,6,1026,0.81,0.26,0.75
07.04.2015,4,1028,0.73,0,0.15
06.04.2015,1,1021,0.85,0.18,0.33
05.04.2015,1,1017,0.85,0.11,0.43
04.04.2015,2,1012,0.83,0.05,0.32
03.04.2015,1,1012,0.84,0.32,0.6
02.04.2015,1,1004,0.86,0.52,0.6
01.04.2015,4,1001,0.62,0.13,0.5
31.03.2015,5,997,0.76,0.28,0.54
30.03.2015,7,995,0.79,0.52,0.64
29.03.2015,5,1007,0.82,0.13,0.19
28.03.2015,5,1016,0.82,0,0.29
27.03.2015,7,1011,0.95,0.4,0.6
26.03.2015,13,1007,0.74,0.17,0
25.03.2015,9,1011,0.63,0,0
24.03.2015,8,1011,0.55,0,0
23.03.2015,2,1019,0.58,0,0
22.03.2015,1,1021,0.77,0.09,0.32
21.03.2015,7,1014,0.5,0,0
20.03.2015,3,1024,0.67,0,0
19.03.2015,3,1027,0.65,0,0.05
18.03.2015,4,1029,0.47,0,0
17.03.2015,6,1034,0.62,0,0
16.03.2015,7,1034,0.74,0,0.05
15.03.2015,5,1031,0.82,0.03,0.29
14.03.2015,2,1023,0.94,0.82,0.72
13.03.2015,2,1022,0.94,0.85,0.75
12.03.2015,3,1024,0.76,0,0.67
11.03.2015,2,1021,0.89,0.38,0.59
10.03.2015,3,1026,0.68,0,0
09.03.2015,6,1027,0.48,0,0
08.03.2015,7,1029,0.5,0,0
07.03.2015,5,1033,0.71,0,0.2
06.03.2015,0,1033,0.81,0,0.28
05.03.2015,2,1027,0.78,0.14,0.38
04.03.2015,3,1019,0.69,0.17,0.29
03.03.2015,2,1015,0.79,0.31,0.34
02.03.2015,5,1003,0.82,0.19,0.33
01.03.2015,5,1011,0.75,0.08,0.22
28.02.2015,4,1017,0.89,0,0.24
27.02.2015,5,1014,0.91,0,0.66
26.02.2015,3,1019,0.95,0.58,0.75
25.02.2015,4,1015,0.92,0.9,0.75
24.02.2015,5,1006,0.81,0.16,0.18
23.02.2015,5,1004,0.78,0,0.13
22.02.2015,3,1007,0.75,0,0.01
21.02.2015,4,1005,0.57,0,0
20.02.2015,3,1018,0.68,0,0
19.02.2015,0,1029,0.84,0,0.02
18.02.2015,-0,1037,0.81,0,0.5
17.02.2015,-2,1033,0.7,0,0
16.02.2015,-2,1028,0.85,0,0.41
15.02.2015,0,1019,0.81,0,0
14.02.2015,0,1017,0.72,0,0
13.02.2015,2,1022,0.72,0,0
12.02.2015,2,1026,0.83,0,0.26
11.02.2015,1,1026,0.95,0.45,0.76
10.02.2015,1,1022,0.98,0.5,0.75
09.02.2015,-2,1014,0.95,0.36,0.54
08.02.2015,-3,1009,0.92,0.49,0.56
07.02.2015,-4,1021,0.82,0.08,0.1
06.02.2015,-3,1025,0.84,0.05,0.75
05.02.2015,-6,1020,0.92,0,0.35
04.02.2015,-2,1009,0.88,0.13,0.29
03.02.2015,-2,1002,0.85,0,0.19
02.02.2015,-4,996,0.92,0.02,0.18
01.02.2015,-1,990,0.82,0,0.01
31.01.2015,-1,980,0.88,0,0.23
30.01.2015,-0,978,0.85,0.12,0.33
29.01.2015,-0,995,0.8,0.28,0.27
28.01.2015,0,1011,0.89,0.07,0.59
27.01.2015,-1,1012,0.92,0.12,0.51
26.01.2015,-1,1022,0.92,0.02,0.6
25.01.2015,-2,1019,0.97,0.07,0.62
24.01.2015,-1,1017,0.96,0.02,0.75
23.01.2015,1,1018,0.98,0.07,0.7
22.01.2015,2,1015,0.96,0.31,0.72
21.01.2015,2,1014,0.91,0,0.75
20.01.2015,2,1012,0.93,0,0.74
19.01.2015,2,1014,0.93,0.05,0.75
18.01.2015,1,1017,0.99,0.02,0.75
17.01.2015,5,1011,0.86,0.25,0.28
16.01.2015,6,1011,0.72,0,0.02
15.01.2015,3,1015,0.75,0.1,0.1
14.01.2015,6,1012,0.65,0.05,0
13.01.2015,6,1015,0.57,0,0.07
12.01.2015,2,1015,0.88,0.58,0.62
11.01.2015,2,1007,0.71,0.1,0.47
10.01.2015,6,1003,0.9,0.51,0.62
09.01.2015,2,1013,0.87,0.53,0.55
08.01.2015,-2,1025,0.86,0.15,0.3
07.01.2015,-7,1029,0.75,0,0.06
06.01.2015,-6,1026,0.84,0.05,0.26
05.01.2015,-1,1021,0.88,0.05,0.65
04.01.2015,0,1013,0.91,0.32,0.61
03.01.2015,2,1017,0.76,0,0.22
02.01.2015,2,1021,0.9,0.14,0.39
01.01.2015,-1,1030,0.97,0.44,0.68
31.12.2014,-7,1031,0.78,0,0.25
30.12.2014,-9,1030,0.83,0,0.27
29.12.2014,-6,1022,0.89,0.05,0.71
28.12.2014,-8,1015,0.89,0,0.75
27.12.2014,-10,1015,0.92,0,0.21
26.12.2014,-2,1019,0.91,0.09,0.64
25.12.2014,4,1015,0.81,0.39,0.53
24.12.2014,7,1013,0.75,0.36,0.41
23.12.2014,9,1012,0.79,0.28,0.64
22.12.2014,5,1013,0.86,0.57,0.75
21.12.2014,3,1018,0.87,0.59,0.72
20.12.2014,5,1013,0.75,0.23,0.1
19.12.2014,10,1010,0.89,0.68,0.73
18.12.2014,6,1011,0.86,0.25,0.57
17.12.2014,3,1010,0.86,0.24,0.34
16.12.2014,6,1012,0.93,0.38,0.4
15.12.2014,7,1017,0.84,0.22,0.01
14.12.2014,6,1016,0.79,0.53,0.19
13.12.2014,8,1011,0.56,0,0.01
12.12.2014,5,1009,0.7,0.02,0.08
11.12.2014,2,1013,0.8,0.07,0.1
10.12.2014,-3,1023,0.89,0,0.01
09.12.2014,-2,1025,0.97,0,0.09
08.12.2014,2,1016,0.93,0.18,0.71
07.12.2014,2,1019,0.94,0,0.75
06.12.2014,2,1020,0.94,0.32,0.75
05.12.2014,-1,1020,0.96,0.09,0.56
04.12.2014,2,1022,0.83,0,0.02
03.12.2014,1,1020,0.83,0,0.17
02.12.2014,-3,1016,0.83,0,0.82
01.12.2014,-4,1019,0.83,0,0.6
30.11.2014,-4,1022,0.88,0,0.75
29.11.2014,-4,1023,0.85,0,0.1
28.11.2014,-1,1020,0.88,0,0.75
27.11.2014,1,1020,0.88,0,0.47
26.11.2014,3,1024,0.9,0,0.75
25.11.2014,4,1026,0.94,0.39,0.75
24.11.2014,2,1026,0.87,0.18,0.22
23.11.2014,3,1029,0.86,0,0.06
22.11.2014,2,1026,0.94,0,0.75
21.11.2014,2,1025,0.96,0.45,0.75
20.11.2014,3,1024,0.99,0.54,0.79
19.11.2014,5,1016,0.97,0.55,0.75
18.11.2014,5,1011,0.96,0.24,0.75
17.11.2014,6,1011,0.98,0.09,0.74
16.11.2014,7,1008,0.94,0.15,0.4
15.11.2014,7,1013,0.96,0,0.68
14.11.2014,8,1017,0.91,0,0.5
13.11.2014,8,1013,0.89,0,0.06
12.11.2014,11,1011,0.85,0,0
11.11.2014,14,1015,0.76,0,0.07
10.11.2014,12,1015,0.84,0,0.02
09.11.2014,10,1015,0.98,0.2,0.75
08.11.2014,10,1015,0.97,0.96,0.68
07.11.2014,11,1011,0.93,0.11,0.14
06.11.2014,14,1011,0.71,0,0.01
05.11.2014,15,1004,0.56,0,0.01
04.11.2014,12,1006,0.67,0,0.01
03.11.2014,9,1014,0.75,0,0
02.11.2014,9,1020,0.87,0,0.01
01.11.2014,7,1024,0.9,0.02,0
31.10.2014,6,1027,0.88,0.09,0.42
30.10.2014,5,1024,0.83,0,0.07
29.10.2014,4,1021,0.83,0,0
28.10.2014,3,1026,0.94,0,0.08
27.10.2014,4,1030,0.9,0,0.07
26.10.2014,5,1029,0.87,0,0.1
25.10.2014,5,1024,0.79,0,0.57
24.10.2014,2,1024,0.89,0,0.73
23.10.2014,5,1014,0.96,0.74,0.75
22.10.2014,8,1002,0.93,0.78,0.6
21.10.2014,12,1009,0.8,0.07,0.25
20.10.2014,14,1014,0.83,0.1,0.2
19.10.2014,13,1022,0.82,0,0
18.10.2014,12,1024,0.92,0,0.56
17.10.2014,12,1011,0.96,0.24,0.52
16.10.2014,12,1009,0.91,0.04,0.54
15.10.2014,11,1009,0.91,0.06,0.01
14.10.2014,14,1009,0.94,0.24,0.5
13.10.2014,16,1013,0.86,0,0
12.10.2014,16,1016,0.85,0,0.19
11.10.2014,16,1015,0.83,0,0.06
10.10.2014,16,1016,0.83,0,0.05
09.10.2014,17,1014,0.73,0,0
08.10.2014,14,1017,0.76,0,0.02
07.10.2014,12,1017,0.77,0,0
06.10.2014,9,1020,0.84,0.02,0.06
05.10.2014,9,1021,0.83,0,0.08
04.10.2014,9,1024,0.82,0,0.01
03.10.2014,11,1028,0.88,0,0.3
02.10.2014,13,1028,0.96,0.2,0.72
01.10.2014,15,1025,0.96,0.09,0.7
30.09.2014,16,1024,0.81,0.07,0
29.09.2014,15,1026,0.75,0,0
28.09.2014,10,1029,0.83,0,0.03
27.09.2014,13,1025,0.86,0.24,0.41
26.09.2014,11,1019,0.95,0.49,0.61
25.09.2014,12,1014,0.77,0.05,0.23
24.09.2014,8,1017,0.76,0,0.05
23.09.2014,9,1013,0.88,0.27,0.54
22.09.2014,12,1008,0.89,0.51,0.55
21.09.2014,17,1011,0.89,0.17,0.41
20.09.2014,16,1014,0.87,0.3,0.26
19.09.2014,17,1018,0.66,0,0
18.09.2014,15,1020,0.72,0,0.02
17.09.2014,15,1020,0.73,0,0
16.09.2014,16,1020,0.74,0,0
15.09.2014,17,1019,0.73,0,0
14.09.2014,18,1017,0.83,0,0.06
13.09.2014,17,1018,0.83,0.02,0.02
12.09.2014,18,1014,0.84,0.07,0.22
11.09.2014,14,1014,0.93,0.3,0.39
10.09.2014,16,1016,0.74,0,0.18
09.09.2014,18,1016,0.86,0.15,0.35
08.09.2014,18,1016,0.8,0.04,0.04
07.09.2014,18,1014,0.81,0.15,0.07
06.09.2014,17,1015,0.81,0,0.06
05.09.2014,16,1018,0.76,0,0
04.09.2014,17,1022,0.81,0,0.05
03.09.2014,15,1022,0.88,0,0.42
02.09.2014,16,1016,0.91,0.39,0.59
01.09.2014,16,1013,0.96,0.15,0.64
31.08.2014,17,1014,0.88,0.26,0.25
30.08.2014,18,1017,0.75,0.13,0.14
29.08.2014,16,1018,0.66,0,0
28.08.2014,14,1018,0.72,0,0.02
27.08.2014,13,1011,0.85,0.17,0.4
26.08.2014,12,1009,0.9,0.55,0.44
25.08.2014,13,1017,0.68,0,0.01
24.08.2014,13,1013,0.88,0.51,0.36
23.08.2014,17,1014,0.71,0.12,0.07
22.08.2014,14,1017,0.74,0.02,0.02
21.08.2014,14,1017,0.77,0.23,0.09
20.08.2014,16,1015,0.74,0.02,0.1
19.08.2014,15,1013,0.86,0.15,0.1
18.08.2014,18,1011,0.62,0.06,0.08
17.08.2014,15,1015,0.72,0,0.04
16.08.2014,15,1013,0.86,0.3,0.32
15.08.2014,16,1012,0.78,0.13,0.08
14.08.2014,17,1010,0.82,0.02,0.28
13.08.2014,18,1011,0.81,0.13,0.16
12.08.2014,18,1015,0.77,0.02,0.08
11.08.2014,21,1012,0.82,0.24,0.12
10.08.2014,23,1015,0.72,0,0
09.08.2014,21,1014,0.68,0,0
08.08.2014,20,1014,0.78,0.17,0.06
07.08.2014,19,1015,0.81,0.02,0.05
06.08.2014,19,1016,0.75,0,0.09
05.08.2014,19,1015,0.83,0,0.32
04.08.2014,20,1015,0.8,0.26,0.04
03.08.2014,23,1013,0.62,0.09,0.04
02.08.2014,24,1013,0.71,0,0.16
01.08.2014,19,1014,0.93,0.22,0.69
31.07.2014,21,1011,0.88,0.23,0.25
30.07.2014,22,1009,0.72,0,0.06
29.07.2014,22,1010,0.74,0.09,0.02
28.07.2014,22,1013,0.74,0.11,0.03
27.07.2014,24,1014,0.67,0,0.03
26.07.2014,22,1015,0.74,0,0.07
25.07.2014,20,1014,0.84,0.11,0.52
24.07.2014,17,1012,0.95,0.38,0.64
23.07.2014,19,1014,0.74,0.18,0.1
22.07.2014,22,1012,0.58,0,0.02
21.07.2014,24,1010,0.64,0,0
20.07.2014,25,1014,0.54,0,0
19.07.2014,23,1018,0.66,0,0.03
18.07.2014,21,1020,0.79,0.05,0.01
17.07.2014,21,1021,0.71,0,0.05
16.07.2014,22,1020,0.7,0.04,0.03
15.07.2014,21,1018,0.71,0,0.07
14.07.2014,21,1013,0.61,0.11,0.08
13.07.2014,19,1011,0.66,0,0.01
12.07.2014,17,1008,0.77,0,0.32
11.07.2014,18,1007,0.86,0,0.43
10.07.2014,17,1007,0.87,0.32,0.53
09.07.2014,19,1005,0.87,0.5,0.28
08.07.2014,24,1010,0.66,0.02,0.05
07.07.2014,24,1015,0.66,0.09,0.03
06.07.2014,22,1014,0.68,0.11,0.04
05.07.2014,20,1012,0.62,0.02,0.02
04.07.2014,20,1020,0.55,0,0
03.07.2014,17,1023,0.65,0,0.01
02.07.2014,15,1020,0.75,0,0.01
01.07.2014,15,1016,0.79,0.02,0.45
30.06.2014,14,1010,0.97,0.65,0.71
29.06.2014,20,1009,0.73,0.21,0.17
28.06.2014,19,1016,0.63,0.15,0.01
27.06.2014,15,1018,0.62,0,0
26.06.2014,13,1013,0.83,0.36,0.37
25.06.2014,13,1011,0.84,0.45,0.01
24.06.2014,14,1015,0.64,0,0.01
23.06.2014,15,1018,0.62,0.04,0.06
22.06.2014,14,1015,0.7,0.09,0.36
21.06.2014,13,1014,0.75,0.13,0.16
20.06.2014,14,1011,0.75,0.04,0.23
19.06.2014,16,1013,0.62,0.02,0.04
18.06.2014,16,1018,0.62,0,0.02
17.06.2014,15,1017,0.65,0,0
16.06.2014,14,1018,0.66,0,0
15.06.2014,12,1018,0.85,0.02,0.43
14.06.2014,13,1013,0.83,0.21,0.46
13.06.2014,15,1016,0.72,0.11,0.11
12.06.2014,19,1021,0.74,0.09,0.24
11.06.2014,22,1021,0.61,0,0
10.06.2014,24,1020,0.66,0.15,0.01
09.06.2014,24,1021,0.57,0,0
08.06.2014,21,1021,0.61,0,0
07.06.2014,18,1020,0.69,0,0.02
06.06.2014,17,1019,0.77,0.19,0.06
05.06.2014,16,1014,0.81,0.23,0.07
04.06.2014,14,1013,0.79,0,0.25
03.06.2014,11,1014,0.96,0.72,0.74
02.06.2014,11,1015,0.86,0.53,0.56
01.06.2014,15,1015,0.68,0,0.03
31.05.2014,12,1017,0.74,0.04,0.11
30.05.2014,9,1016,0.9,0.11,0.55
29.05.2014,10,1011,0.96,0.83,0.75
28.05.2014,17,1007,0.86,0.24,0.28
27.05.2014,18,1009,0.84,0.28,0.13
26.05.2014,17,1016,0.83,0,0.29
25.05.2014,17,1019,0.78,0,0.26
24.05.2014,20,1013,0.67,0.23,0.08
23.05.2014,23,1013,0.48,0,0
22.05.2014,22,1017,0.52,0,0
21.05.2014,20,1019,0.57,0,0.05
20.05.2014,18,1017,0.62,0,0.01
19.05.2014,15,1015,0.66,0,0.01
18.05.2014,13,1014,0.79,0,0.43
17.05.2014,11,1013,0.98,0.66,0.74
16.05.2014,9,1015,0.95,0.8,0.75
15.05.2014,10,1019,0.87,0.72,0.52
14.05.2014,9,1018,0.9,0.53,0.48
13.05.2014,10,1012,0.72,0.11,0.08
12.05.2014,11,1008,0.76,0.13,0.17
11.05.2014,13,1007,0.7,0.15,0.08
10.05.2014,14,1012,0.63,0.02,0.13
09.05.2014,15,1013,0.66,0.02,0.04
08.05.2014,14,1014,0.71,0.09,0.15
07.05.2014,15,1012,0.64,0.19,0.05
06.05.2014,10,1018,0.6,0,0
05.05.2014,6,1019,0.66,0,0.02
04.05.2014,7,1018,0.68,0,0.24
03.05.2014,6,1016,0.89,0.21,0.71
02.05.2014,11,1012,0.79,0.04,0.15
01.05.2014,14,1010,0.63,0,0
30.04.2014,15,1008,0.6,0,0
29.04.2014,13,1009,0.81,0,0.3
28.04.2014,12,1008,0.91,0.21,0.25
27.04.2014,15,1008,0.8,0.06,0.16
26.04.2014,14,1011,0.88,0.47,0.59
25.04.2014,14,1015,0.77,0.07,0.06
24.04.2014,14,1018,0.76,0,0.03
23.04.2014,13,1018,0.9,0.26,0.15
22.04.2014,15,1012,0.74,0.19,0.11
21.04.2014,12,1010,0.68,0,0.03
20.04.2014,12,1012,0.76,0.04,0.33
19.04.2014,12,1012,0.8,0.11,0.13
18.04.2014,9,1010,0.7,0.15,0.07
17.04.2014,6,1023,0.73,0,0.01
16.04.2014,4,1024,0.89,0.06,0.57
15.04.2014,4,1012,0.92,0.38,0.73
14.04.2014,7,1008,0.83,0.38,0.39
13.04.2014,7,1014,0.77,0.02,0.06
12.04.2014,6,1017,0.75,0,0.03
11.04.2014,6,1019,0.86,0.02,0.28
10.04.2014,5,1015,0.89,0.4,0.65
09.04.2014,8,1015,0.72,0.13,0.34
08.04.2014,14,1013,0.67,0.15,0.06
07.04.2014,11,1018,0.69,0,0.01
06.04.2014,10,1015,0.58,0,0.04
05.04.2014,9,1014,0.52,0.02,0.01
04.04.2014,11,1010,0.66,0,0
03.04.2014,12,1007,0.51,0,0
02.04.2014,7,1014,0.59,0,0
01.04.2014,7,1012,0.69,0,0.01
31.03.2014,7,1012,0.63,0,0
30.03.2014,8,1018,0.53,0,0
29.03.2014,9,1023,0.64,0,0.01
28.03.2014,10,1020,0.8,0.03,0.4
27.03.2014,9,1017,0.66,0.03,0.07
26.03.2014,4,1016,0.74,0,0.02
25.03.2014,3,1007,0.9,0.3,0.53
24.03.2014,5,1004,0.97,0.28,0.75
23.03.2014,10,1003,0.85,0.45,0.49
22.03.2014,14,1008,0.49,0,0
21.03.2014,14,1014,0.43,0,0
20.03.2014,12,1020,0.6,0,0
19.03.2014,8,1013,0.92,0.53,0.75
18.03.2014,9,1013,0.7,0.11,0.22
17.03.2014,9,1010,0.78,0.34,0.56
16.03.2014,5,1001,0.92,0.77,0.69
15.03.2014,5,1006,0.75,0.26,0.13
14.03.2014,6,1022,0.56,0,0
13.03.2014,5,1028,0.59,0,0
12.03.2014,5,1032,0.62,0,0
11.03.2014,5,1028,0.54,0,0
10.03.2014,7,1028,0.47,0,0
09.03.2014,3,1035,0.7,0,0
08.03.2014,3,1031,0.85,0,0.19
07.03.2014,4,1028,0.74,0,0.75
06.03.2014,4,1027,0.81,0.04,0.52
05.03.2014,4,1014,0.81,0,0.6
04.03.2014,4,1004,0.87,0.11,0.12
03.03.2014,5,1001,0.8,0,0.05
02.03.2014,3,1006,0.8,0,0.14
01.03.2014,5,1006,0.75,0,0.06
28.02.2014,6,1009,0.75,0.09,0.02
27.02.2014,5,1018,0.83,0,0.08
26.02.2014,4,1020,0.77,0,0.03
25.02.2014,2,1020,0.9,0,0.01
24.02.2014,2,1024,0.9,0,0.26
23.02.2014,3,1024,0.8,0,0.04
22.02.2014,5,1015,0.88,0.17,0.36
21.02.2014,5,1011,0.77,0,0.03
20.02.2014,6,1014,0.79,0,0.11
19.02.2014,5,1012,0.89,0.12,0.02
18.02.2014,2,1019,0.76,0,0
17.02.2014,4,1015,0.73,0,0.06
16.02.2014,5,1010,0.73,0,0.03
15.02.2014,3,1010,0.72,0,0
14.02.2014,3,1007,0.82,0.06,0.18
13.02.2014,1,1005,0.92,0,0.07
12.02.2014,-0,1008,0.99,0.26,0.4
11.02.2014,5,1004,0.82,0.41,0.6
10.02.2014,4,1004,0.82,0.2,0.24
09.02.2014,6,1000,0.79,0.19,0.12
08.02.2014,5,1005,0.76,0,0.02
07.02.2014,3,1006,0.79,0.03,0.01
06.02.2014,3,1010,0.8,0,0.03
05.02.2014,3,1010,0.6,0,0
04.02.2014,1,1017,0.63,0,0
03.02.2014,1,1021,0.81,0,0
02.02.2014,4,1016,0.82,0.36,0.01
01.02.2014,4,1014,0.73,0,0
31.01.2014,-2,1017,0.82,0,0
30.01.2014,-8,1017,0.88,0,0.55
29.01.2014,-8,1009,0.9,0.03,0.75
28.01.2014,-8,1006,0.91,0,0.54
27.01.2014,-9,1005,0.89,0,0.02
26.01.2014,-12,1012,0.88,0,0.28
25.01.2014,-14,1019,0.89,0.03,0.52
24.01.2014,-9,1018,0.92,0,0.75
23.01.2014,-7,1019,0.93,0,0.75
22.01.2014,-6,1013,0.97,0,0.75
21.01.2014,-2,1007,0.99,0.79,0.75
20.01.2014,1,1005,1,0.81,0.75
19.01.2014,5,1007,0.97,0.06,0.66
18.01.2014,3,1010,0.99,0.19,0.75
17.01.2014,4,1007,0.9,0.4,0.08
16.01.2014,2,1011,0.84,0,0.28
15.01.2014,2,1008,0.97,0.46,0.75
14.01.2014,1,1009,0.85,0.35,0.01
13.01.2014,1,1015,0.79,0,0.37
12.01.2014,3,1015,0.82,0.57,0.65
11.01.2014,4,1015,0.72,0,0.06
10.01.2014,6,1010,0.75,0.23,0.24
09.01.2014,5,1015,0.9,0.06,0.1
08.01.2014,5,1020,0.91,0.03,0.16
07.01.2014,6,1018,0.86,0,0
06.01.2014,5,1017,0.92,0.18,0.3
05.01.2014,8,1007,0.92,0.21,0.37
04.01.2014,6,1014,0.86,0.06,0.01
03.01.2014,4,1014,0.87,0.08,0.17
02.01.2014,2,1012,0.86,0,0.16
01.01.2014,2,1018,0.91,0.06,0.24
31.12.2013,-1,1025,0.98,0.22,0.09
30.12.2013,0,1028,0.9,0,0
29.12.2013,6,1015,0.81,0,0.15
28.12.2013,6,1010,0.84,0,0.01
27.12.2013,7,1008,0.88,0.28,0.28
26.12.2013,10,1000,0.61,0,0
25.12.2013,9,1002,0.64,0,0.01
24.12.2013,6,1012,0.72,0,0
23.12.2013,5,1020,0.83,0.04,0.04
22.12.2013,4,1024,0.85,0,0.01
21.12.2013,1,1031,0.87,0,0.09
20.12.2013,-0,1022,0.91,0.09,0.14
19.12.2013,-2,1016,0.87,0,0.01
18.12.2013,-1,1025,0.92,0,0.16
17.12.2013,2,1029,0.79,0,0
16.12.2013,4,1031,0.82,0.06,0.09
15.12.2013,2,1029,0.91,0.17,0.32
14.12.2013,-2,1025,0.99,0,0.64
13.12.2013,-0,1024,0.97,0,0.01
12.12.2013,2,1030,0.95,0.06,0.77
11.12.2013,2,1034,0.79,0,0.45
10.12.2013,-2,1035,0.86,0,0.01
09.12.2013,3,1018,0.95,0.74,0.74
08.12.2013,-2,1021,0.84,0.03,0.19
07.12.2013,-1,1011,0.78,0.24,0.73
06.12.2013,1,1000,0.77,0.56,0.72
05.12.2013,2,1014,0.88,0.25,0.57
04.12.2013,1,1021,0.77,0.07,0.07
03.12.2013,-1,1032,0.85,0,0
02.12.2013,2,1030,0.87,0.04,0.34
01.12.2013,3,1022,0.86,0.26,0.75
30.11.2013,2,1014,0.89,0.48,0.64
29.11.2013,3,1017,0.87,0.06,0.75
28.11.2013,-0,1021,0.91,0.41,0.71
27.11.2013,-2,1030,0.89,0,0.27
26.11.2013,-0,1023,0.9,0.13,0.75
25.11.2013,0,1015,0.92,0.38,0.73
24.11.2013,6,1010,0.97,0.25,0.75
23.11.2013,6,1012,1,0.19,0.75
22.11.2013,6,1006,0.99,0.21,0.74
21.11.2013,6,1003,0.96,0.15,0.66
20.11.2013,6,1002,0.92,0.56,0.24
19.11.2013,6,1010,0.84,0,0
18.11.2013,3,1018,0.91,0,0.09
17.11.2013,2,1025,0.97,0,0.11
16.11.2013,3,1028,0.98,0,0.75
15.11.2013,3,1025,0.92,0,0.04
14.11.2013,3,1024,0.9,0,0.37
13.11.2013,3,1025,0.95,0.14,0.57
12.11.2013,3,1029,0.88,0,0.3
11.11.2013,5,1024,0.87,0,0.46
10.11.2013,7,1008,0.86,0.22,0.35
09.11.2013,10,1011,0.85,0.23,0.23
08.11.2013,13,1012,0.72,0,0.01
07.11.2013,9,1008,0.87,0.39,0.73
06.11.2013,5,1000,0.88,0.29,0.42
05.11.2013,7,997,0.9,0.67,0.43
04.11.2013,8,1003,0.74,0,0
03.11.2013,11,1005,0.85,0.4,0.29
02.11.2013,10,1010,0.8,0.03,0.08
01.11.2013,7,1020,0.8,0,0.05
31.10.2013,5,1027,0.77,0,0
30.10.2013,9,1022,0.8,0.1,0.04
29.10.2013,14,1014,0.79,0,0.01
28.10.2013,16,1009,0.61,0.03,0.02
27.10.2013,17,1013,0.67,0.09,0
26.10.2013,15,1017,0.78,0,0
25.10.2013,12,1021,0.88,0,0.03
24.10.2013,14,1019,0.89,0.2,0.15
23.10.2013,15,1014,0.75,0,0
22.10.2013,14,1019,0.78,0,0.01
21.10.2013,14,1018,0.77,0,0.02
20.10.2013,13,1018,0.7,0,0
19.10.2013,6,1022,0.79,0,0.13
18.10.2013,9,1013,0.88,0.37,0.55
17.10.2013,10,1013,0.85,0.03,0.54
16.10.2013,9,1008,0.95,0.86,0.56
15.10.2013,10,1013,0.87,0,0.09
14.10.2013,10,1022,0.82,0,0.12
13.10.2013,14,1019,0.83,0.06,0.03
12.10.2013,13,1021,0.87,0.06,0.02
11.10.2013,13,1016,0.81,0,0.01
10.10.2013,13,1011,0.77,0,0.22
09.10.2013,10,1019,0.76,0.04,0.03
08.10.2013,11,1027,0.79,0,0
07.10.2013,7,1028,0.9,0,0.29
06.10.2013,9,1023,0.67,0,0.32
05.10.2013,7,1023,0.63,0,0
04.10.2013,5,1031,0.64,0,0
03.10.2013,3,1031,0.75,0,0.05
02.10.2013,5,1023,0.78,0,0.2
01.10.2013,6,1015,0.7,0,0
30.09.2013,6,1016,0.77,0,0.05
29.09.2013,4,1018,0.86,0,0.08
28.09.2013,6,1016,0.85,0,0.38
27.09.2013,7,1018,0.85,0.04,0.44
26.09.2013,9,1010,0.92,0.19,0.68
25.09.2013,9,1015,0.84,0,0.21
24.09.2013,12,1012,0.88,0.21,0.68
23.09.2013,13,1015,0.91,0.58,0.75
22.09.2013,11,1025,0.88,0,0.68
21.09.2013,11,1020,0.89,0.26,0.52
20.09.2013,11,1013,0.8,0.12,0.21
19.09.2013,10,1006,0.86,0.15,0.69
18.09.2013,11,1001,0.76,0.15,0.18
17.09.2013,10,1000,0.95,0.82,0.72
16.09.2013,15,1005,0.9,0.21,0.62
15.09.2013,16,1010,0.83,0.1,0.59
14.09.2013,13,1011,0.87,0.19,0.75
13.09.2013,12,1015,0.88,0.13,0.47
12.09.2013,12,1014,0.79,0,0.05
11.09.2013,12,1015,0.91,0.63,0.52
10.09.2013,14,1017,0.82,0,0.24
09.09.2013,14,1017,0.8,0.33,0.23
08.09.2013,16,1023,0.57,0,0
07.09.2013,14,1021,0.66,0,0
06.09.2013,15,1019,0.62,0,0
05.09.2013,16,1021,0.68,0,0.05
04.09.2013,13,1025,0.76,0,0.1
03.09.2013,15,1019,0.72,0.23,0.46
02.09.2013,13,1018,0.7,0.07,0.24
01.09.2013,14,1019,0.75,0.07,0.37
31.08.2013,16,1018,0.7,0.08,0.01
30.08.2013,16,1020,0.7,0,0.07
29.08.2013,16,1019,0.74,0,0.03
28.08.2013,16,1015,0.7,0,0.04
27.08.2013,14,1017,0.78,0,0.16
26.08.2013,15,1016,0.64,0,0.06
25.08.2013,15,1015,0.67,0,0.01
24.08.2013,16,1018,0.72,0,0.04
23.08.2013,17,1020,0.72,0,0.01
22.08.2013,14,1022,0.81,0,0.07
21.08.2013,15,1025,0.84,0.12,0.7
20.08.2013,17,1021,0.92,0.37,0.65
19.08.2013,23,1016,0.61,0,0.01
18.08.2013,23,1016,0.52,0,0
17.08.2013,19,1019,0.58,0,0
16.08.2013,17,1023,0.58,0,0
15.08.2013,14,1024,0.67,0,0
14.08.2013,15,1020,0.66,0,0.05
13.08.2013,18,1015,0.69,0,0.05
12.08.2013,18,1018,0.66,0,0.08
11.08.2013,17,1017,0.76,0,0.02
10.08.2013,16,1017,0.93,0.3,0.54
09.08.2013,23,1017,0.75,0.07,0.12
08.08.2013,30,1014,0.42,0,0
07.08.2013,27,1014,0.53,0,0
06.08.2013,27,1017,0.5,0,0
05.08.2013,24,1020,0.62,0,0.02
04.08.2013,23,1020,0.56,0.04,0.02
03.08.2013,24,1017,0.61,0,0
02.08.2013,22,1018,0.63,0,0.01
01.08.2013,21,1020,0.67,0,0.02
31.07.2013,20,1018,0.69,0,0.07
30.07.2013,20,1014,0.76,0.04,0.37
29.07.2013,31,1012,0.42,0,0
28.07.2013,28,1013,0.52,0,0
27.07.2013,24,1014,0.56,0,0
26.07.2013,22,1016,0.63,0,0.02
25.07.2013,19,1017,0.71,0,0.03
24.07.2013,17,1016,0.72,0,0.09
23.07.2013,19,1015,0.56,0,0
22.07.2013,20,1018,0.66,0,0.01
21.07.2013,17,1022,0.66,0,0
20.07.2013,18,1019,0.66,0,0.09
19.07.2013,20,1019,0.69,0,0.06
18.07.2013,20,1022,0.69,0,0.02
17.07.2013,19,1022,0.74,0,0.12
16.07.2013,18,1022,0.73,0,0.04
15.07.2013,14,1018,0.93,0.37,0.59
14.07.2013,17,1017,0.8,0.04,0.3
13.07.2013,14,1017,0.95,0.68,0.58
12.07.2013,15,1015,0.91,0.21,0.62
11.07.2013,16,1014,0.76,0.12,0.46
10.07.2013,20,1015,0.67,0,0.01
09.07.2013,20,1023,0.66,0,0
08.07.2013,18,1028,0.67,0,0.08
07.07.2013,19,1029,0.7,0,0
06.07.2013,19,1027,0.84,0.26,0.52
05.07.2013,21,1023,0.78,0.19,0.13
04.07.2013,23,1018,0.61,0.04,0.01
03.07.2013,22,1016,0.57,0,0
02.07.2013,19,1018,0.59,0,0
01.07.2013,15,1019,0.7,0,0.09
30.06.2013,13,1018,0.81,0.04,0.28
29.06.2013,15,1017,0.77,0.38,0.35
28.06.2013,13,1020,0.88,0.34,0.38
27.06.2013,13,1024,0.72,0,0
26.06.2013,12,1018,0.93,0.67,0.75
25.06.2013,14,1011,0.93,0.42,0.75
24.06.2013,18,1013,0.86,0.14,0.36
23.06.2013,20,1013,0.8,0.21,0.48
22.06.2013,21,1016,0.74,0.04,0.1
21.06.2013,26,1013,0.65,0,0.04
20.06.2013,26,1015,0.62,0,0.02
19.06.2013,23,1019,0.75,0,0.09
18.06.2013,24,1017,0.7,0.1,0.04
17.06.2013,22,1018,0.65,0,0.02
16.06.2013,21,1016,0.62,0,0
15.06.2013,18,1017,0.76,0.04,0.13
14.06.2013,18,1017,0.73,0,0.08
13.06.2013,18,1020,0.63,0,0.01
12.06.2013,16,1019,0.74,0.1,0.06
11.06.2013,13,1012,0.95,0.88,0.68
10.06.2013,17,1007,0.87,0.25,0.29
09.06.2013,19,1011,0.73,0.12,0.09
08.06.2013,17,1016,0.79,0.15,0.2
07.06.2013,16,1020,0.85,0,0.56
06.06.2013,14,1020,0.97,0.25,0.75
05.06.2013,11,1017,0.96,0.79,0.75
04.06.2013,13,1013,0.97,0.36,0.75
03.06.2013,14,1011,0.91,0.54,0.63
02.06.2013,15,1008,0.73,0.04,0.16
01.06.2013,12,1003,0.91,0.6,0.72
31.05.2013,14,1000,0.77,0.21,0.31
30.05.2013,14,1001,0.9,0.21,0.22
29.05.2013,16,1003,0.65,0.04,0.04
28.05.2013,10,1003,0.89,0.65,0.65
27.05.2013,9,1006,0.74,0,0.19
26.05.2013,12,1006,0.65,0,0.14
25.05.2013,10,1006,0.8,0,0.59
24.05.2013,9,1007,0.9,0.57,0.72
23.05.2013,8,1007,0.78,0.04,0.68
22.05.2013,12,1006,0.77,0.09,0.29
21.05.2013,13,1012,0.77,0.17,0.04
20.05.2013,17,1010,0.71,0.26,0.13
19.05.2013,19,1011,0.6,0,0
18.05.2013,16,1009,0.71,0.09,0.07
17.05.2013,19,1005,0.62,0.04,0.03
16.05.2013,19,1007,0.57,0,0
15.05.2013,14,1010,0.65,0,0.03
14.05.2013,12,1013,0.7,0,0.04
13.05.2013,10,1014,0.86,0.24,0.58
12.05.2013,10,1011,0.96,0.65,0.75
11.05.2013,14,1012,0.92,0.39,0.75
10.05.2013,19,1013,0.58,0,0
09.05.2013,18,1016,0.69,0,0
08.05.2013,18,1017,0.78,0.17,0.09
07.05.2013,17,1018,0.76,0.17,0.04
06.05.2013,16,1022,0.71,0,0.02
05.05.2013,12,1022,0.81,0.13,0.08
04.05.2013,11,1016,0.91,0.43,0.63
03.05.2013,14,1012,0.96,0.7,0.61
02.05.2013,12,1019,0.94,0.57,0.37
01.05.2013,10,1023,0.83,0.22,0.75
30.04.2013,14,1021,0.74,0.04,0.67
29.04.2013,14,1016,0.78,0.04,0.36
28.04.2013,10,1011,0.92,0.35,0.53
27.04.2013,18,1003,0.58,0.04,0
26.04.2013,17,1013,0.54,0,0
25.04.2013,14,1023,0.66,0,0.06
24.04.2013,14,1024,0.6,0,0.01
23.04.2013,13,1018,0.61,0,0.01
22.04.2013,13,1016,0.43,0,0
21.04.2013,10,1022,0.59,0,0
20.04.2013,9,1024,0.83,0.26,0.41
19.04.2013,12,1019,0.79,0.13,0.39
18.04.2013,15,1019,0.57,0,0
17.04.2013,13,1023,0.57,0,0.02
16.04.2013,12,1024,0.52,0,0
15.04.2013,7,1027,0.68,0,0
14.04.2013,9,1026,0.67,0,0.05
13.04.2013,9,1014,0.75,0.13,0.09
12.04.2013,11,1005,0.72,0.3,0.18
11.04.2013,9,1009,0.66,0.09,0.02
10.04.2013,5,1008,0.86,0.13,0.57
09.04.2013,2,1008,0.8,0.13,0.4
08.04.2013,-0,1013,0.67,0,0
07.04.2013,1,1017,0.73,0,0.53
06.04.2013,1,1012,0.92,0.13,0.75
05.04.2013,1,1008,0.9,0.13,0.75
04.04.2013,0,1010,0.96,0.17,0.75
03.04.2013,-1,1011,0.93,0.08,0.75
02.04.2013,-2,1012,0.82,0.04,0.43
01.04.2013,-2,1006,0.89,0,0.75
31.03.2013,-1,1003,0.94,0,0.66
30.03.2013,1,1006,0.72,0,0.05
29.03.2013,0,1006,0.91,0.22,0.6
28.03.2013,-1,1014,0.73,0,0.06
27.03.2013,-3,1012,0.67,0,0.06
26.03.2013,-4,1012,0.57,0,0
25.03.2013,-6,1019,0.68,0,0.01
24.03.2013,-10,1023,0.7,0,0.01
23.03.2013,-9,1022,0.69,0,0.08
22.03.2013,-3,1015,0.89,0,0.75
21.03.2013,-0,1010,0.94,0.3,0.37
20.03.2013,1,1005,0.83,0,0.25
19.03.2013,0,993,0.95,0.22,0.75
18.03.2013,-1,1004,0.7,0,0.52
17.03.2013,-4,1017,0.57,0,0
16.03.2013,-5,1017,0.7,0,0.04
15.03.2013,-4,1005,0.69,0.04,0.11
14.03.2013,-5,1004,0.84,0,0.6
13.03.2013,-3,1000,0.91,0.22,0.75
12.03.2013,-4,1002,0.89,0,0.75
11.03.2013,-1,1000,0.97,0.13,0.75
10.03.2013,-0,1000,0.98,0.35,0.75
09.03.2013,-0,1005,0.99,0.35,0.75
08.03.2013,2,1005,0.97,0.87,0.75
07.03.2013,8,1005,0.81,0.39,0.46
06.03.2013,8,1010,0.48,0,0.02
05.03.2013,4,1020,0.47,0,0
04.03.2013,0,1023,0.75,0,0.02
03.03.2013,0,1016,0.81,0.04,0.4
02.03.2013,1,1019,0.78,0,0.34
01.03.2013,1,1017,0.9,0.22,0.73
28.02.2013,3,1025,0.8,0,0.1
27.02.2013,3,1028,0.88,0,0.75
26.02.2013,1,1026,0.98,0.39,0.75
25.02.2013,2,1019,0.91,0.09,0.47
24.02.2013,2,1012,0.89,0.39,0.03
23.02.2013,-1,1010,0.97,0,0.64
22.02.2013,-5,1014,0.9,0,0.75
21.02.2013,-6,1017,0.91,0,0.75
20.02.2013,-3,1011,0.94,0.1,0.75
19.02.2013,-1,1009,0.95,0,0.75
18.02.2013,-3,1020,0.91,0,0.75
17.02.2013,-1,1023,0.92,0.26,0.75
16.02.2013,0,1021,0.98,0,0.75
15.02.2013,0,1018,0.97,0.3,0.75
14.02.2013,-1,1022,0.97,0.3,0.76
13.02.2013,-1,1017,0.9,0.17,0.69
12.02.2013,-4,1011,0.84,0,0.03
11.02.2013,-3,1011,0.84,0,0.47
10.02.2013,-3,1014,0.92,0,0.75
09.02.2013,-3,1014,0.91,0.04,0.65
08.02.2013,-2,1009,0.88,0,0.69
07.02.2013,-2,1003,0.99,0,0.52
06.02.2013,0,999,0.97,0.04,0.56
05.02.2013,3,1002,0.9,0.09,0.15
04.02.2013,1,1006,0.89,0.13,0.66
03.02.2013,-1,1007,0.97,0.09,0.7
02.02.2013,2,992,0.97,0.57,0.73
01.02.2013,4,1003,0.76,0.09,0.37
31.01.2013,5,1007,0.77,0.22,0.32
30.01.2013,4,1008,0.98,0.43,0.68
29.01.2013,1,1012,0.94,0.26,0.45
28.01.2013,-3,1012,0.99,0.04,0.75
27.01.2013,-9,1011,0.94,0,0.29
26.01.2013,-9,1016,0.93,0,0.69
25.01.2013,-7,1016,0.94,0,0.75
24.01.2013,-6,1010,0.94,0,0.31
23.01.2013,-8,1008,0.97,0,0.75
22.01.2013,-8,1003,0.99,0.09,0.75
21.01.2013,-5,998,0.99,0.87,0.75
20.01.2013,-5,1001,0.99,0,0.75
19.01.2013,-8,1002,0.98,0.04,0.75
18.01.2013,-7,1009,0.99,1,0.75
17.01.2013,-4,1008,1,0.35,0.8
16.01.2013,-2,1005,1,0.13,0.68
15.01.2013,-2,1010,0.99,0,0.75
14.01.2013,-6,1015,0.95,0,0.12
13.01.2013,-7,1018,0.96,0,0.71
12.01.2013,-4,1012,0.96,0,0.74
11.01.2013,-2,1006,0.95,0.23,0.64
10.01.2013,1,1005,0.95,0.22,0.74
09.01.2013,-0,1018,1,0.09,0.72
08.01.2013,-5,1023,0.91,0.04,0.28
07.01.2013,-4,1025,0.94,0,0.75
06.01.2013,-1,1020,0.93,0.13,0.75
05.01.2013,3,1019,0.87,0.22,0.7
04.01.2013,5,1020,0.87,0.48,0.66
03.01.2013,2,1023,0.94,0.39,0.56
02.01.2013,0,1018,0.92,0.13,0.38
01.01.2013,3,1011,0.67,0,0
31.12.2012,3,1019,0.78,0,0.03
30.12.2012,1,1019,0.7,0,0.03
29.12.2012,-4,1027,0.84,0,0
28.12.2012,1,1020,0.89,0.17,0.4
27.12.2012,5,1009,0.85,0.26,0.26
26.12.2012,5,1010,0.85,0.13,0.01
25.12.2012,4,1007,0.9,0,0
24.12.2012,3,1011,0.98,0.52,0.63
23.12.2012,-4,1015,0.97,0.09,0.75
22.12.2012,-6,1021,0.98,0,0.75
21.12.2012,-8,1017,0.97,0.13,0.75
20.12.2012,-4,1023,0.94,0.17,0.51
19.12.2012,1,1021,0.99,0,0.75
18.12.2012,3,1012,0.98,0.04,0.75
17.12.2012,4,1010,0.95,0.43,0.75
16.12.2012,4,1010,0.98,0.13,0.72
15.12.2012,2,1008,0.93,0.35,0.75
14.12.2012,-5,1015,0.88,0,0
13.12.2012,-8,1018,0.92,0,0.38
12.12.2012,-5,1017,0.99,0.1,0.75
11.12.2012,-4,1010,0.99,0.05,0.75
10.12.2012,-4,1006,1,0,0.64
09.12.2012,-12,1017,0.97,0,0.32
08.12.2012,-13,1017,0.93,0,0.02
07.12.2012,-7,1011,0.94,0.09,0.42
06.12.2012,-3,1006,0.93,0.13,0.39
05.12.2012,-1,999,0.9,0,0.35
04.12.2012,-1,1001,0.94,0,0.59
03.12.2012,-2,1009,0.97,0.04,0.75
02.12.2012,-1,1011,0.98,0,0.27
01.12.2012,-1,1013,0.96,0,0.44
30.11.2012,3,1001,0.92,0.35,0.75
29.11.2012,8,991,0.89,0.26,0.15
28.11.2012,9,1002,0.88,0,0.07
27.11.2012,9,1007,0.85,0,0.01
26.11.2012,6,1015,0.93,0,0.02
25.11.2012,6,1018,0.92,0,0.02
24.11.2012,6,1022,0.92,0,0.38
23.11.2012,6,1023,0.99,0.21,0.75
22.11.2012,6,1024,0.98,0.16,0.75
21.11.2012,3,1023,1,0,0.8
20.11.2012,6,1023,0.96,0,0.09
19.11.2012,5,1020,0.94,0,0.56
18.11.2012,6,1014,0.9,0,0.69
17.11.2012,2,1018,0.91,0,0.02
16.11.2012,2,1023,0.94,0,0.11
15.11.2012,1,1026,0.91,0,0
14.11.2012,1,1033,0.89,0,0.06
13.11.2012,5,1032,0.92,0.04,0.59
12.11.2012,8,1023,0.91,0.08,0.62
11.11.2012,11,1012,0.61,0,0
10.11.2012,6,1015,0.81,0,0
09.11.2012,6,1017,0.98,0.48,0.62
08.11.2012,8,1018,0.86,0.04,0.3
07.11.2012,4,1016,0.97,0.64,0.58
06.11.2012,5,1010,0.86,0.08,0.54
05.11.2012,8,999,0.96,0.46,0.39
04.11.2012,8,1007,0.9,0,0.03
03.11.2012,7,1007,0.81,0,0
02.11.2012,8,1003,0.9,0.04,0.11
01.11.2012,5,999,0.88,0.25,0
31.10.2012,4,1009,0.86,0.13,0.17
30.10.2012,0,1007,0.94,0.04,0.73
29.10.2012,-1,1013,1,0,0.44
28.10.2012,-1,1007,0.99,0,0.5
27.10.2012,1,995,1,0.76,0.75
26.10.2012,5,1009,0.83,0.26,0.5
25.10.2012,8,1011,0.96,0.21,0.75
24.10.2012,8,1021,0.89,0,0.54
23.10.2012,9,1025,0.97,0.04,0.75
22.10.2012,8,1023,0.92,0,0
21.10.2012,9,1020,0.85,0,0
20.10.2012,11,1019,0.84,0,0.01
19.10.2012,12,1020,0.79,0,0
18.10.2012,12,1020,0.77,0,0
17.10.2012,9,1017,0.85,0.04,0.25
16.10.2012,9,1010,0.96,0.56,0.76
15.10.2012,14,1005,0.77,0,0.44
14.10.2012,11,1008,0.86,0.04,0.12
13.10.2012,9,1014,0.79,0.12,0.37
12.10.2012,5,1014,0.76,0,0.02
11.10.2012,6,1014,0.88,0.04,0.53
10.10.2012,6,1012,0.79,0.04,0.11
09.10.2012,8,1010,0.76,0,0.06
08.10.2012,8,1017,0.85,0.13,0.5
07.10.2012,8,1013,0.95,0.62,0.69
06.10.2012,18,1013,0.63,0,0.02
05.10.2012,11,1016,0.69,0.04,0.02
04.10.2012,15,1013,0.65,0.08,0.03
03.10.2012,14,1016,0.86,0.29,0.38
02.10.2012,14,1018,0.83,0.21,0.68
01.10.2012,16,1018,0.7,0.07,0.02
30.09.2012,12,1021,0.77,0.22,0.17
29.09.2012,14,1017,0.72,0.04,0.02
28.09.2012,14,1018,0.77,0.08,0.07
27.09.2012,18,1008,0.74,0.04,0.09
